customer_id,customer_name,city,age,gender,membership
C0001,Customer_001,Hyderabad,39.0,M,Regular
C0002,Customer_002,Pune,18.0,F,Regular
C0003,Customer_003,Mumbai,21.0,F,Platinum
C0004,Customer_004,Nashik,63.0,M,Gold
C0005,Customer_005,Mumbai,60.0,F,Silver
C0006,Customer_006,Hyderabad,46.0,M,Silver
C0007,Customer_007,Hyderabad,38.0,F,Regular
C0008,Customer_008,Bangalore,43.0,M,Silver
C0009,Customer_009,Bangalore,31.0,M,Silver
C0010,Customer_010,Bangalore,26.0,F,Silver
C0011,Customer_011,Pune,64.0,F,Platinum
C0012,Customer_012,Delhi,29.0,F,Silver
C0013,Customer_013,Hyderabad,59.0,F,Regular
C0014,Customer_014,Mumbai,23.0,M,Gold
C0015,Customer_015,Mumbai,37.0,M,Regular
C0016,Customer_016,Mumbai,41.0,M,Regular
C0017,Customer_017,Mumbai,44.0,F,Regular
C0018,Customer_018,Bangalore,55.0,M,Regular
C0019,Customer_019,Mumbai,25.0,F,Gold
C0020,Customer_020,Delhi,18.0,F,Silver
C0021,Customer_021,Bangalore,41.0,M,Gold
C0022,Customer_022,Mumbai,64.0,F,Silver
C0023,Customer_023,Pune,24.0,M,Regular
C0024,Customer_024,Nashik,36.0,F,Gold
C0025,Customer_025,Nashik,39.0,M,Regular
C0026,Customer_026,Nashik,52.0,F,Regular
C0027,Customer_027,Bangalore,47.0,M,Silver
C0028,Customer_028,Mumbai,46.0,M,Regular
C0029,Customer_029,Hyderabad,39.0,F,Regular
C0030,Customer_030,Hyderabad,28.0,F,Silver
C0031,Customer_031,Hyderabad,37.0,M,Silver
C0032,Customer_032,Bangalore,46.0,F,Regular
C0033,Customer_033,Delhi,58.0,F,Platinum
C0034,Customer_034,Pune,59.0,F,Silver
C0035,Customer_035,Pune,51.0,M,Gold
C0036,Customer_036,Nashik,18.0,M,Regular
C0037,Customer_037,Nashik,48.0,F,Silver
C0038,Customer_038,Hyderabad,47.0,F,Gold
C0039,Customer_039,Hyderabad,35.0,M,Silver
C0040,Customer_040,Nashik,34.0,F,Gold
C0041,Customer_041,Mumbai,55.0,M,Regular
C0042,Customer_042,Delhi,31.0,F,Regular
C0043,Customer_043,Delhi,40.0,F,Silver
C0044,Customer_044,Delhi,42.0,F,Regular
C0045,Customer_045,Delhi,32.0,M,Gold
C0046,Customer_046,Nashik,63.0,M,Regular
C0047,Customer_047,Pune,39.0,M,Platinum
C0048,Customer_048,Nashik,20.0,M,Platinum
C0049,Customer_049,Delhi,36.0,F,Regular
C0050,Customer_050,Nashik,61.0,F,Regular
C0051,Customer_051,Delhi,51.0,M,Gold
C0052,Customer_052,Bangalore,52.0,F,Platinum
C0053,Customer_053,Hyderabad,18.0,F,Regular
C0054,Customer_054,Pune,38.0,M,Regular
C0055,Customer_055,Bangalore,46.0,F,Silver
C0056,Customer_056,Mumbai,23.0,F,Silver
C0057,Customer_057,Nashik,54.0,M,Regular
C0058,Customer_058,Mumbai,18.0,F,Gold
C0059,Customer_059,Nashik,18.0,F,Regular
C0060,Customer_060,Hyderabad,44.0,F,Regular
C0061,Customer_061,Bangalore,38.0,M,Regular
C0062,Customer_062,Hyderabad,33.0,M,Regular
C0063,Customer_063,Delhi,61.0,F,Regular
C0064,Customer_064,Hyderabad,57.0,F,Silver
C0065,Customer_065,Hyderabad,43.0,F,Regular
C0066,Customer_066,Delhi,33.0,M,Regular
C0067,Customer_067,Nashik,45.0,M,Regular
C0068,Customer_068,Delhi,18.0,M,Platinum
C0069,Customer_069,Bangalore,53.0,F,Regular
C0070,Customer_070,Hyderabad,27.0,F,Regular
C0071,Customer_071,Delhi,60.0,F,Silver
C0072,Customer_072,Hyderabad,34.0,F,Platinum
C0073,Customer_073,Bangalore,40.0,F,Regular
C0074,Customer_074,Mumbai,24.0,M,Silver
C0075,Customer_075,Bangalore,61.0,F,Gold
C0076,Customer_076,Pune,24.0,F,Silver
C0077,Customer_077,Pune,61.0,F,Regular
C0078,Customer_078,Pune,32.0,M,Silver
C0079,Customer_079,Hyderabad,51.0,F,Regular
C0080,Customer_080,Nashik,63.0,M,Silver
C0081,Customer_081,Nashik,62.0,M,Gold
C0082,Customer_082,Nashik,21.0,M,Regular
C0083,Customer_083,Hyderabad,31.0,M,Gold
C0084,Customer_084,Bangalore,31.0,M,Regular
C0085,Customer_085,Nashik,33.0,F,Gold
C0086,Customer_086,Mumbai,24.0,F,Silver
C0087,Customer_087,Pune,49.0,M,Regular
C0088,Customer_088,Bangalore,36.0,M,Regular
C0089,Customer_089,Pune,19.0,M,Platinum
C0090,Customer_090,Nashik,27.0,F,Regular
C0091,Customer_091,Bangalore,34.0,F,Regular
C0092,Customer_092,Delhi,54.0,M,Regular
C0093,Customer_093,Mumbai,29.0,F,Silver
C0094,Customer_094,Nashik,23.0,F,Silver
C0095,Customer_095,Nashik,39.0,M,Regular
C0096,Customer_096,Mumbai,49.0,M,Regular
C0097,Customer_097,Mumbai,58.0,F,Regular
C0098,Customer_098,Delhi,37.0,F,Regular
C0099,Customer_099,Nashik,18.0,F,Regular
C0100,Customer_100,Hyderabad,64.0,M,Gold
C0101,Customer_101,Nashik,23.0,M,Regular
C0102,Customer_102,Pune,36.0,M,Regular
C0103,Customer_103,Bangalore,35.0,F,Regular
C0104,Customer_104,Bangalore,23.0,F,Platinum
C0105,Customer_105,Pune,62.0,M,Platinum
C0106,Customer_106,Bangalore,50.0,F,Gold
C0107,Customer_107,Mumbai,40.0,M,Regular
C0108,Customer_108,Bangalore,40.0,F,Regular
C0109,Customer_109,Bangalore,43.0,M,Regular
C0110,Customer_110,Pune,30.0,F,Regular
C0111,Customer_111,Delhi,24.0,F,Silver
C0112,Customer_112,Bangalore,32.0,M,Gold
C0113,Customer_113,Hyderabad,61.0,M,Gold
C0114,Customer_114,Bangalore,44.0,M,Gold
C0115,Customer_115,Delhi,43.0,M,Regular
C0116,Customer_116,Pune,50.0,M,Silver
C0117,Customer_117,Delhi,32.0,F,Regular
C0118,Customer_118,,53.0,M,Regular
C0119,Customer_119,Mumbai,62.0,M,Gold
C0120,Customer_120,Pune,44.0,M,Regular
C0121,Customer_121,Mumbai,22.0,M,Regular
C0122,Customer_122,Mumbai,19.0,M,Regular
C0123,Customer_123,Pune,50.0,F,Silver
C0124,Customer_124,Hyderabad,33.0,M,Gold
C0125,Customer_125,Nashik,40.0,M,Regular
C0126,Customer_126,Pune,55.0,M,Gold
C0127,Customer_127,Bangalore,33.0,F,Regular
C0128,Customer_128,Hyderabad,31.0,F,Regular
C0129,Customer_129,Hyderabad,46.0,M,Gold
C0130,Customer_130,Bangalore,43.0,M,Silver
C0131,Customer_131,Nashik,52.0,F,Platinum
C0132,Customer_132,Hyderabad,32.0,F,Regular
C0133,Customer_133,Mumbai,20.0,F,Silver
C0134,Customer_134,Nashik,40.0,M,Silver
C0135,Customer_135,Bangalore,46.0,M,Platinum
C0136,Customer_136,Nashik,51.0,F,Regular
C0137,Customer_137,Pune,50.0,M,Gold
C0138,Customer_138,,58.0,F,Silver
C0139,Customer_139,Mumbai,58.0,F,Regular
C0140,Customer_140,Pune,40.0,F,Silver
C0141,Customer_141,Delhi,24.0,M,Regular
C0142,Customer_142,Bangalore,20.0,F,Silver
C0143,Customer_143,Bangalore,49.0,F,Gold
C0144,Customer_144,Nashik,48.0,M,Silver
C0145,Customer_145,Hyderabad,35.0,F,Silver
C0146,Customer_146,Pune,60.0,M,Silver
C0147,Customer_147,Delhi,24.0,F,Regular
C0148,Customer_148,Pune,58.0,M,Regular
C0149,Customer_149,Bangalore,18.0,F,Silver
C0150,Customer_150,Pune,31.0,F,Regular
C0151,Customer_151,Delhi,49.0,F,Regular
C0152,Customer_152,Hyderabad,23.0,F,Silver
C0153,Customer_153,Nashik,56.0,F,Regular
C0154,Customer_154,Mumbai,27.0,M,Regular
C0155,Customer_155,Pune,24.0,M,Silver
C0156,Customer_156,Mumbai,43.0,F,Regular
C0157,Customer_157,Bangalore,51.0,F,Platinum
C0158,Customer_158,Nashik,47.0,F,Gold
C0159,Customer_159,Nashik,53.0,M,Gold
C0160,Customer_160,Pune,38.0,M,Regular
C0161,Customer_161,Hyderabad,34.0,F,Gold
C0162,Customer_162,Nashik,50.0,M,Gold
C0163,Customer_163,Pune,27.0,F,Gold
C0164,Customer_164,Pune,64.0,F,Regular
C0165,Customer_165,Mumbai,59.0,F,Silver
C0166,Customer_166,Nashik,29.0,M,Gold
C0167,Customer_167,Pune,33.0,F,Silver
C0168,Customer_168,Mumbai,58.0,F,Silver
C0169,Customer_169,Delhi,49.0,F,Silver
C0170,Customer_170,Mumbai,32.0,M,Silver
C0171,Customer_171,Mumbai,,M,Regular
C0172,Customer_172,Pune,45.0,M,Silver
C0173,Customer_173,Bangalore,34.0,F,Regular
C0174,Customer_174,Bangalore,63.0,M,
C0175,Customer_175,Hyderabad,19.0,F,Regular
C0176,Customer_176,Bangalore,53.0,M,Silver
C0177,Customer_177,Mumbai,24.0,F,Regular
C0178,Customer_178,Hyderabad,30.0,M,Silver
C0179,Customer_179,Pune,32.0,F,Gold
C0180,Customer_180,Nashik,42.0,M,Regular
C0181,Customer_181,Mumbai,40.0,M,Regular
C0182,Customer_182,Mumbai,39.0,M,Regular
C0183,Customer_183,Hyderabad,43.0,F,Gold
C0184,Customer_184,Pune,50.0,M,Silver
C0185,Customer_185,Delhi,28.0,M,Silver
C0186,Customer_186,Mumbai,27.0,M,Regular
C0187,Customer_187,,42.0,M,Silver
C0188,Customer_188,Delhi,54.0,F,Gold
C0189,Customer_189,Bangalore,60.0,M,Gold
C0190,Customer_190,Pune,55.0,F,Silver
C0191,Customer_191,Delhi,58.0,F,Regular
C0192,Customer_192,Pune,62.0,F,Regular
C0193,Customer_193,Bangalore,41.0,F,Regular
C0194,Customer_194,Pune,57.0,M,Regular
C0195,Customer_195,Mumbai,63.0,F,Regular
C0196,Customer_196,Delhi,50.0,F,Regular
C0197,Customer_197,Pune,34.0,F,Regular
C0198,Customer_198,Nashik,41.0,F,Platinum
C0199,Customer_199,Pune,54.0,M,Silver
C0200,Customer_200,Delhi,19.0,M,Gold
C0201,Customer_201,Bangalore,49.0,F,Gold
C0202,Customer_202,Bangalore,41.0,F,Regular
C0203,Customer_203,Delhi,26.0,F,Gold
C0204,Customer_204,Mumbai,21.0,M,Regular
C0205,Customer_205,Mumbai,34.0,M,Silver
C0206,Customer_206,Bangalore,34.0,M,Regular
C0207,Customer_207,Bangalore,47.0,M,Platinum
C0208,Customer_208,Delhi,57.0,M,Regular
C0209,Customer_209,Mumbai,28.0,F,Regular
C0210,Customer_210,Bangalore,38.0,M,Platinum
C0211,Customer_211,Mumbai,38.0,M,Regular
C0212,Customer_212,Bangalore,35.0,F,Silver
C0213,Customer_213,Pune,46.0,M,Gold
C0214,Customer_214,Nashik,41.0,M,Gold
C0215,Customer_215,Hyderabad,27.0,M,Platinum
C0216,Customer_216,Pune,62.0,F,Platinum
C0217,Customer_217,Hyderabad,34.0,M,Regular
C0218,Customer_218,Bangalore,35.0,F,Gold
C0219,Customer_219,Nashik,59.0,F,Silver
C0220,Customer_220,Nashik,37.0,M,Silver
C0221,Customer_221,,54.0,M,Regular
C0222,Customer_222,Bangalore,62.0,M,Silver
C0223,Customer_223,Mumbai,35.0,M,Platinum
C0224,Customer_224,Bangalore,34.0,F,Platinum
C0225,Customer_225,Delhi,26.0,M,Regular
C0226,Customer_226,Bangalore,31.0,F,Regular
C0227,Customer_227,Delhi,46.0,F,Regular
C0228,Customer_228,Bangalore,48.0,F,Gold
C0229,Customer_229,Mumbai,21.0,F,Gold
C0230,Customer_230,Delhi,35.0,F,Silver
C0231,Customer_231,Pune,37.0,M,Regular
C0232,Customer_232,Delhi,64.0,F,Regular
C0233,Customer_233,Mumbai,60.0,F,Silver
C0234,Customer_234,Hyderabad,61.0,M,Platinum
C0235,Customer_235,Delhi,26.0,M,Silver
C0236,Customer_236,Bangalore,30.0,F,Regular
C0237,Customer_237,Bangalore,32.0,F,Silver
C0238,Customer_238,Hyderabad,44.0,M,Regular
C0239,Customer_239,Mumbai,32.0,F,Platinum
C0240,Customer_240,Nashik,45.0,M,Regular
C0241,Customer_241,Bangalore,54.0,M,Silver
C0242,Customer_242,Pune,36.0,F,Regular
C0243,Customer_243,Mumbai,43.0,M,Silver
C0244,Customer_244,Delhi,,F,Silver
C0245,Customer_245,Delhi,42.0,F,Gold
C0246,Customer_246,Pune,43.0,F,Regular
C0247,Customer_247,Bangalore,43.0,M,Regular
C0248,Customer_248,Mumbai,63.0,F,Regular
C0249,Customer_249,Pune,45.0,M,Silver
C0250,Customer_250,Bangalore,35.0,F,Regular
C0251,Customer_251,Mumbai,49.0,F,Silver
C0252,Customer_252,,20.0,M,Gold
C0253,Customer_253,Mumbai,19.0,F,Gold
C0254,Customer_254,Hyderabad,50.0,F,Regular
C0255,Customer_255,Nashik,59.0,M,Silver
C0256,Customer_256,Mumbai,36.0,M,Regular
C0257,Customer_257,Nashik,34.0,M,Silver
C0258,Customer_258,Mumbai,61.0,F,Gold
C0259,Customer_259,Nashik,50.0,M,Regular
C0260,Customer_260,Hyderabad,29.0,M,Regular
C0261,Customer_261,Delhi,20.0,F,
C0262,Customer_262,Bangalore,60.0,M,Gold
C0263,Customer_263,Nashik,43.0,F,Regular
C0264,Customer_264,Hyderabad,52.0,F,Silver
C0265,Customer_265,Nashik,25.0,M,Regular
C0266,Customer_266,Delhi,53.0,F,Regular
C0267,Customer_267,Nashik,24.0,M,Platinum
C0268,Customer_268,Hyderabad,63.0,M,Gold
C0269,Customer_269,Hyderabad,63.0,M,Gold
C0270,Customer_270,Pune,53.0,M,Regular
C0271,Customer_271,Delhi,33.0,F,Gold
C0272,Customer_272,Pune,41.0,F,Regular
C0273,Customer_273,Delhi,18.0,M,Regular
C0274,Customer_274,Nashik,42.0,M,Silver
C0275,Customer_275,Hyderabad,27.0,F,Regular
C0276,Customer_276,Pune,33.0,M,Gold
C0277,Customer_277,Nashik,33.0,F,Silver
C0278,Customer_278,Hyderabad,25.0,M,Regular
C0279,Customer_279,Delhi,46.0,F,Regular
C0280,Customer_280,Hyderabad,56.0,F,Regular
C0281,Customer_281,Nashik,45.0,F,Regular
C0282,Customer_282,Pune,23.0,M,
C0283,Customer_283,Pune,33.0,M,Gold
C0284,Customer_284,Hyderabad,37.0,M,Regular
C0285,Customer_285,Nashik,33.0,M,Regular
C0286,Customer_286,Mumbai,24.0,M,Silver
C0287,Customer_287,Delhi,58.0,F,Gold
C0288,Customer_288,Delhi,31.0,F,Regular
C0289,Customer_289,Nashik,60.0,F,Regular
C0290,Customer_290,Mumbai,43.0,F,Silver
C0291,Customer_291,Pune,43.0,F,Regular
C0292,Customer_292,,31.0,F,Regular
C0293,Customer_293,Bangalore,24.0,F,Gold
C0294,Customer_294,Nashik,50.0,M,Silver
C0295,Customer_295,Mumbai,43.0,F,Silver
C0296,Customer_296,Mumbai,62.0,M,Gold
C0297,Customer_297,Delhi,37.0,F,Silver
C0298,Customer_298,Pune,20.0,F,Regular
C0299,Customer_299,Hyderabad,21.0,M,Regular
C0300,Customer_300,Mumbai,43.0,F,Regular
C0301,Customer_301,Hyderabad,28.0,M,Regular
C0302,Customer_302,Bangalore,19.0,F,Silver
C0303,Customer_303,Hyderabad,31.0,M,Gold
C0304,Customer_304,Pune,61.0,F,Platinum
C0305,Customer_305,Pune,47.0,M,Silver
C0306,Customer_306,Hyderabad,29.0,M,Regular
C0307,Customer_307,Nashik,43.0,F,Regular
C0308,Customer_308,Mumbai,61.0,F,Gold
C0309,Customer_309,Nashik,50.0,M,Silver
C0310,Customer_310,Hyderabad,30.0,F,Silver
C0311,Customer_311,Mumbai,31.0,M,Gold
C0312,Customer_312,Delhi,41.0,F,Gold
C0313,Customer_313,Nashik,51.0,M,Gold
C0314,Customer_314,Nashik,61.0,F,Regular
C0315,Customer_315,Hyderabad,43.0,M,Gold
C0316,Customer_316,Bangalore,38.0,F,Gold
C0317,Customer_317,Hyderabad,45.0,M,Regular
C0318,Customer_318,Nashik,53.0,M,Silver
C0319,Customer_319,Mumbai,57.0,F,Regular
C0320,Customer_320,Bangalore,19.0,F,Platinum
C0321,Customer_321,Hyderabad,59.0,M,Regular
C0322,Customer_322,Hyderabad,26.0,M,Silver
C0323,Customer_323,Nashik,40.0,M,Regular
C0324,Customer_324,,32.0,M,Gold
C0325,Customer_325,Delhi,30.0,F,Regular
C0326,Customer_326,Hyderabad,40.0,M,Regular
C0327,Customer_327,Nashik,34.0,M,Silver
C0328,Customer_328,Pune,19.0,M,Platinum
C0329,Customer_329,Bangalore,37.0,F,Regular
C0330,Customer_330,Pune,37.0,M,Regular
C0331,Customer_331,Bangalore,,F,Gold
C0332,Customer_332,Hyderabad,20.0,F,Silver
C0333,Customer_333,Delhi,29.0,F,Platinum
C0334,Customer_334,Nashik,57.0,F,Regular
C0335,Customer_335,Nashik,19.0,F,Silver
C0336,Customer_336,Nashik,53.0,F,Regular
C0337,Customer_337,Hyderabad,31.0,F,Regular
C0338,Customer_338,Bangalore,33.0,M,Silver
C0339,Customer_339,Nashik,36.0,M,Silver
C0340,Customer_340,Pune,51.0,F,Gold
C0341,Customer_341,Nashik,61.0,M,Regular
C0342,Customer_342,Hyderabad,63.0,M,Regular
C0343,Customer_343,Delhi,23.0,F,Regular
C0344,Customer_344,Pune,30.0,M,Platinum
C0345,Customer_345,Nashik,53.0,F,Regular
C0346,Customer_346,Nashik,39.0,M,Regular
C0347,Customer_347,Mumbai,35.0,F,Regular
C0348,Customer_348,Bangalore,29.0,F,Silver
C0349,Customer_349,Pune,47.0,M,Regular
C0350,Customer_350,Mumbai,57.0,M,Platinum
C0351,Customer_351,Delhi,24.0,F,Regular
C0352,Customer_352,Bangalore,49.0,F,Gold
C0353,Customer_353,Pune,36.0,F,Regular
C0354,Customer_354,Nashik,23.0,M,Silver
C0355,Customer_355,Pune,37.0,M,Platinum
C0356,Customer_356,Nashik,44.0,M,Regular
C0357,Customer_357,Bangalore,60.0,M,Platinum
C0358,Customer_358,Nashik,54.0,F,Silver
C0359,Customer_359,Delhi,24.0,F,Platinum
C0360,Customer_360,Hyderabad,22.0,F,Silver
C0361,Customer_361,Nashik,28.0,F,Regular
C0362,Customer_362,Delhi,32.0,M,Regular
C0363,Customer_363,Hyderabad,20.0,F,Regular
C0364,Customer_364,Bangalore,22.0,F,Regular
C0365,Customer_365,Bangalore,40.0,M,Regular
C0366,Customer_366,Pune,54.0,M,Regular
C0367,Customer_367,Delhi,26.0,F,Regular
C0368,Customer_368,Delhi,32.0,M,Gold
C0369,Customer_369,Mumbai,20.0,F,Regular
C0370,Customer_370,Mumbai,46.0,M,Regular
C0371,Customer_371,Hyderabad,23.0,M,Silver
C0372,Customer_372,Hyderabad,34.0,F,Regular
C0373,Customer_373,Mumbai,43.0,M,Regular
C0374,Customer_374,Hyderabad,38.0,F,Regular
C0375,Customer_375,Nashik,25.0,M,Platinum
C0376,Customer_376,Mumbai,38.0,M,Gold
C0377,Customer_377,Delhi,28.0,M,Regular
C0378,Customer_378,Nashik,55.0,M,Silver
C0379,Customer_379,Hyderabad,25.0,M,Silver
C0380,Customer_380,Bangalore,59.0,F,Silver
C0381,Customer_381,Pune,41.0,M,Silver
C0382,Customer_382,Mumbai,52.0,F,Silver
C0383,Customer_383,Bangalore,31.0,M,Regular
C0384,Customer_384,Hyderabad,31.0,F,Regular
C0385,Customer_385,Delhi,27.0,M,Silver
C0386,Customer_386,Pune,29.0,F,Gold
C0387,Customer_387,Bangalore,55.0,F,Silver
C0388,Customer_388,Pune,61.0,M,Gold
C0389,Customer_389,Mumbai,63.0,M,Platinum
C0390,Customer_390,Hyderabad,51.0,M,Regular
C0391,Customer_391,Delhi,58.0,F,Silver
C0392,Customer_392,Hyderabad,27.0,F,Silver
C0393,Customer_393,Pune,34.0,M,Platinum
C0394,Customer_394,Bangalore,34.0,M,Platinum
C0395,Customer_395,Mumbai,20.0,F,Silver
C0396,Customer_396,Mumbai,48.0,F,Regular
C0397,Customer_397,Hyderabad,18.0,M,Gold
C0398,Customer_398,Bangalore,29.0,F,Regular
C0399,Customer_399,Bangalore,56.0,M,Gold
C0400,Customer_400,Pune,21.0,M,Platinum
C0401,Customer_401,Hyderabad,59.0,M,Regular
C0402,Customer_402,Hyderabad,30.0,F,Silver
C0403,Customer_403,Nashik,51.0,F,Regular
C0404,Customer_404,Hyderabad,59.0,F,Regular
C0405,Customer_405,Mumbai,38.0,F,Regular
C0406,Customer_406,Pune,39.0,M,Gold
C0407,Customer_407,Bangalore,21.0,F,Platinum
C0408,Customer_408,Hyderabad,35.0,M,Platinum
C0409,Customer_409,Pune,22.0,M,Regular
C0410,Customer_410,Hyderabad,36.0,M,Gold
C0411,Customer_411,Bangalore,19.0,F,Gold
C0412,Customer_412,Delhi,29.0,M,Regular
C0413,Customer_413,Bangalore,34.0,M,Regular
C0414,Customer_414,Bangalore,27.0,F,Regular
C0415,Customer_415,Bangalore,51.0,M,Platinum
C0416,Customer_416,Hyderabad,23.0,F,Silver
C0417,Customer_417,Nashik,25.0,F,
C0418,Customer_418,Bangalore,28.0,F,Regular
C0419,Customer_419,Mumbai,29.0,M,Gold
C0420,Customer_420,Mumbai,26.0,F,Regular
C0421,Customer_421,Pune,19.0,F,Regular
C0422,Customer_422,Nashik,25.0,F,Silver
C0423,Customer_423,Pune,28.0,F,Regular
C0424,Customer_424,Mumbai,53.0,M,Gold
C0425,Customer_425,Mumbai,27.0,F,Regular
C0426,Customer_426,Delhi,38.0,M,Silver
C0427,Customer_427,Bangalore,37.0,F,Regular
C0428,Customer_428,Mumbai,25.0,M,Silver
C0429,Customer_429,Hyderabad,53.0,F,Regular
C0430,Customer_430,Hyderabad,46.0,M,Regular
C0431,Customer_431,Pune,59.0,F,Platinum
C0432,Customer_432,Pune,,M,Regular
C0433,Customer_433,Bangalore,31.0,M,Gold
C0434,Customer_434,Bangalore,38.0,M,Platinum
C0435,Customer_435,Delhi,39.0,F,Regular
C0436,Customer_436,Nashik,38.0,M,Regular
C0437,Customer_437,Pune,61.0,M,Silver
C0438,Customer_438,Bangalore,47.0,M,Platinum
C0439,Customer_439,Pune,56.0,M,Platinum
C0440,Customer_440,Bangalore,37.0,F,Silver
C0441,Customer_441,Mumbai,41.0,M,Gold
C0442,Customer_442,Pune,40.0,M,Regular
C0443,Customer_443,Mumbai,24.0,M,Platinum
C0444,Customer_444,Pune,26.0,F,Platinum
C0445,Customer_445,Nashik,18.0,M,Regular
C0446,Customer_446,Delhi,43.0,M,Regular
C0447,Customer_447,Hyderabad,55.0,M,Regular
C0448,Customer_448,Hyderabad,55.0,M,Regular
C0449,Customer_449,Hyderabad,61.0,F,Gold
C0450,Customer_450,Mumbai,39.0,M,
C0451,Customer_451,Bangalore,61.0,M,Regular
C0452,Customer_452,Hyderabad,27.0,F,Regular
C0453,Customer_453,Nashik,23.0,F,Platinum
C0454,Customer_454,Hyderabad,34.0,F,Silver
C0455,Customer_455,Pune,55.0,M,Regular
C0456,Customer_456,Mumbai,41.0,F,Regular
C0457,Customer_457,Pune,27.0,M,Platinum
C0458,Customer_458,Pune,25.0,F,Gold
C0459,Customer_459,Pune,38.0,M,Regular
C0460,Customer_460,Delhi,23.0,F,Regular
C0461,Customer_461,Delhi,38.0,M,Regular
C0462,Customer_462,Bangalore,56.0,F,Regular
C0463,Customer_463,Mumbai,41.0,M,Silver
C0464,Customer_464,Nashik,50.0,M,Platinum
C0465,Customer_465,Nashik,35.0,M,Silver
C0466,Customer_466,Nashik,45.0,M,Gold
C0467,Customer_467,Pune,49.0,M,Regular
C0468,Customer_468,Delhi,29.0,M,Gold
C0469,Customer_469,Mumbai,59.0,M,Gold
C0470,Customer_470,Pune,44.0,M,Regular
C0471,Customer_471,Delhi,27.0,F,Regular
C0472,Customer_472,Delhi,63.0,M,Silver
C0473,Customer_473,Hyderabad,59.0,M,Regular
C0474,Customer_474,Hyderabad,49.0,F,Regular
C0475,Customer_475,Mumbai,59.0,M,Silver
C0476,Customer_476,Mumbai,43.0,F,Platinum
C0477,Customer_477,Mumbai,42.0,M,Silver
C0478,Customer_478,Pune,28.0,F,Gold
C0479,Customer_479,Bangalore,40.0,F,Regular
C0480,Customer_480,Mumbai,51.0,M,Gold
C0481,Customer_481,Hyderabad,,F,Silver
C0482,Customer_482,Bangalore,40.0,M,Gold
C0483,Customer_483,Pune,46.0,M,Regular
C0484,Customer_484,Bangalore,48.0,M,Silver
C0485,Customer_485,Nashik,24.0,M,Silver
C0486,Customer_486,Bangalore,57.0,F,Regular
C0487,Customer_487,Mumbai,50.0,M,Regular
C0488,Customer_488,Pune,38.0,F,Regular
C0489,Customer_489,Mumbai,19.0,F,Regular
C0490,Customer_490,Hyderabad,35.0,M,Gold
C0491,Customer_491,Nashik,64.0,M,Regular
C0492,Customer_492,Hyderabad,50.0,M,Regular
C0493,Customer_493,Mumbai,54.0,M,Gold
C0494,Customer_494,Mumbai,51.0,F,Regular
C0495,Customer_495,Mumbai,37.0,M,Silver
C0496,Customer_496,Delhi,52.0,F,Regular
C0497,Customer_497,Nashik,35.0,M,Platinum
C0498,Customer_498,Mumbai,63.0,M,Gold
C0499,Customer_499,Mumbai,41.0,M,Gold
C0500,Customer_500,Hyderabad,25.0,M,Regular
