employee_id,name,department,salary,experience,city,joining_date
E0001,Employee_001,Operations,109000.0,14,Bangalore,2010-03-11
E0002,Employee_002,Finance,70000.0,0,Hyderabad,2024-10-17
E0003,Employee_003,Sales,69000.0,2,Hyderabad,2022-02-16
E0004,Employee_004,Finance,111000.0,14,Bangalore,2010-12-23
E0005,Employee_005,Sales,109000.0,13,Hyderabad,2011-01-22
E0006,Employee_006,Finance,99000.0,10,Hyderabad,2014-08-27
E0007,Employee_007,HR,57000.0,2,Bangalore,2022-05-10
E0008,Employee_008,Sales,62000.0,1,Pune,2023-03-29
E0009,Employee_009,HR,83000.0,11,Mumbai,2013-11-01
E0010,Employee_010,HR,54000.0,1,Delhi,2023-08-18
E0011,Employee_011,HR,79000.0,5,Mumbai,2019-04-10
E0012,Employee_012,HR,110000.0,12,Pune,2012-05-22
E0013,Employee_013,IT,65000.0,0,Pune,2024-06-15
E0014,Employee_014,Operations,83000.0,5,Hyderabad,2019-08-15
E0015,Employee_015,Marketing,76000.0,4,Mumbai,2020-09-25
E0016,Employee_016,IT,93000.0,5,Pune,2019-08-19
E0017,Employee_017,Finance,91000.0,4,Mumbai,2020-07-19
E0018,Employee_018,Finance,96000.0,6,Pune,2018-09-27
E0019,Employee_019,Operations,55000.0,0,Delhi,2024-02-26
E0020,Employee_020,Marketing,118000.0,12,Pune,2012-02-21
E0021,Employee_021,Marketing,67000.0,2,Mumbai,2022-02-10
E0022,Employee_022,,81000.0,5,Hyderabad,2019-01-14
E0023,Employee_023,HR,50000.0,0,Mumbai,2024-10-28
E0024,Employee_024,IT,,12,Bangalore,2012-02-05
E0025,Employee_025,Finance,114000.0,10,Mumbai,2014-02-10
E0026,Employee_026,IT,117000.0,10,Delhi,2014-11-19
E0027,Employee_027,IT,81000.0,6,Delhi,2018-02-01
E0028,Employee_028,IT,81000.0,3,Delhi,2021-05-17
E0029,Employee_029,Marketing,67000.0,2,Pune,2022-03-01
E0030,Employee_030,Operations,107000.0,9,Delhi,2015-08-12
E0031,Employee_031,Operations,79000.0,8,Mumbai,2016-06-11
E0032,Employee_032,Marketing,60000.0,0,Hyderabad,2024-08-09
E0033,Employee_033,Finance,108000.0,7,Delhi,2017-08-05
E0034,Employee_034,Finance,70000.0,0,Mumbai,2024-03-29
E0035,Employee_035,Finance,103000.0,12,Pune,2012-08-18
E0036,Employee_036,Operations,89000.0,13,Pune,2011-08-08
E0037,Employee_037,Operations,78000.0,4,Hyderabad,2020-12-13
E0038,Employee_038,IT,102000.0,9,Hyderabad,2015-04-26
E0039,Employee_039,Marketing,97000.0,7,,2017-11-01
E0040,Employee_040,HR,79000.0,5,Hyderabad,2019-05-31
E0041,Employee_041,IT,82000.0,6,Hyderabad,2018-10-24
E0042,Employee_042,Sales,117000.0,10,Pune,2014-07-27
E0043,Employee_043,Operations,73000.0,7,Mumbai,2017-08-27
E0044,Employee_044,IT,112000.0,12,Hyderabad,2012-10-28
E0045,Employee_045,Marketing,86000.0,5,Mumbai,2019-05-24
E0046,Employee_046,Sales,99000.0,10,Delhi,2014-05-04
E0047,Employee_047,IT,86000.0,5,Pune,2019-10-28
E0048,Employee_048,Marketing,98000.0,10,,2014-09-20
E0049,Employee_049,Marketing,89000.0,5,,2019-09-17
E0050,Employee_050,Operations,67000.0,4,Bangalore,2020-02-10
E0051,Employee_051,HR,73000.0,7,Mumbai,2017-09-23
E0052,Employee_052,IT,132000.0,12,Delhi,2012-08-17
E0053,Employee_053,Marketing,66000.0,1,Hyderabad,2023-10-30
E0054,Employee_054,Finance,102000.0,6,Delhi,2018-08-23
E0055,Employee_055,Marketing,118000.0,14,Mumbai,2010-06-21
E0056,Employee_056,HR,67000.0,3,Pune,2021-08-01
E0057,Employee_057,Marketing,60000.0,0,Bangalore,2024-10-15
E0058,Employee_058,Operations,121000.0,12,Mumbai,2012-04-30
E0059,Employee_059,IT,79000.0,4,Mumbai,2020-10-08
E0060,Employee_060,Operations,64000.0,2,Hyderabad,2022-03-05
E0061,Employee_061,,76000.0,3,Delhi,2021-05-07
E0062,Employee_062,Sales,91000.0,6,Delhi,2018-10-08
E0063,Employee_063,IT,85000.0,4,Hyderabad,2020-02-14
E0064,Employee_064,Sales,122000.0,13,Bangalore,2011-07-18
E0065,Employee_065,Operations,111000.0,14,Pune,2010-01-14
E0066,Employee_066,Finance,78000.0,3,Pune,2021-12-17
E0067,Employee_067,HR,50000.0,0,Bangalore,2024-05-24
E0068,Employee_068,Finance,83000.0,5,Hyderabad,2019-03-16
E0069,Employee_069,Sales,111000.0,10,Mumbai,2014-03-01
E0070,Employee_070,Marketing,95000.0,9,Delhi,2015-05-31
E0071,Employee_071,Marketing,75000.0,5,Mumbai,2019-05-15
E0072,Employee_072,Finance,135000.0,15,Delhi,2009-05-03
E0073,Employee_073,Marketing,92000.0,6,Mumbai,2018-11-13
E0074,Employee_074,Sales,145000.0,15,Hyderabad,2009-12-22
E0075,Employee_075,Operations,55000.0,0,Hyderabad,2024-02-13
E0076,Employee_076,HR,124000.0,13,Bangalore,2011-09-16
E0077,Employee_077,IT,75000.0,3,Mumbai,2021-07-03
E0078,Employee_078,Sales,117000.0,11,Mumbai,2013-01-10
E0079,Employee_079,Sales,85000.0,8,Bangalore,2016-12-28
E0080,Employee_080,IT,110000.0,14,Bangalore,2010-11-16
E0081,Employee_081,IT,127000.0,11,Hyderabad,2013-02-25
E0082,Employee_082,HR,112000.0,13,Hyderabad,2011-05-10
E0083,Employee_083,HR,84000.0,9,Mumbai,2015-05-05
E0084,Employee_084,HR,69000.0,5,Hyderabad,2019-01-04
E0085,Employee_085,Marketing,63000.0,1,Hyderabad,2023-07-01
E0086,Employee_086,Sales,76000.0,3,Mumbai,2021-03-22
E0087,Employee_087,Operations,85000.0,5,Bangalore,2019-10-04
E0088,Employee_088,IT,83000.0,3,Mumbai,2021-09-19
E0089,Employee_089,Sales,120000.0,14,Pune,2010-12-24
E0090,Employee_090,Sales,112000.0,9,Mumbai,2015-08-12
E0091,Employee_091,HR,72000.0,6,Pune,2018-09-07
E0092,Employee_092,HR,94000.0,11,Mumbai,2013-06-16
E0093,Employee_093,Sales,92000.0,12,Pune,2012-08-17
E0094,Employee_094,HR,55000.0,2,Pune,2022-09-10
E0095,Employee_095,Marketing,84000.0,5,Mumbai,2019-08-05
E0096,Employee_096,IT,132000.0,12,Hyderabad,2012-11-09
E0097,Employee_097,Sales,102000.0,14,Delhi,2010-08-02
E0098,Employee_098,IT,129000.0,15,Hyderabad,2009-03-02
E0099,Employee_099,Marketing,,11,Pune,2013-08-25
E0100,Employee_100,HR,66000.0,3,Mumbai,2021-07-24
E0101,Employee_101,Finance,80000.0,2,Mumbai,2022-04-03
E0102,Employee_102,Marketing,110000.0,11,Mumbai,2013-07-06
E0103,Employee_103,Finance,77000.0,2,Mumbai,2022-10-18
E0104,Employee_104,IT,125000.0,13,Delhi,2011-02-15
E0105,Employee_105,Sales,61000.0,1,Bangalore,2023-11-20
E0106,Employee_106,HR,90000.0,10,Pune,2014-06-13
E0107,Employee_107,Marketing,66000.0,2,Delhi,2022-11-26
E0108,Employee_108,HR,80000.0,12,Hyderabad,2012-02-22
E0109,Employee_109,Finance,120000.0,11,Bangalore,2013-12-14
E0110,Employee_110,Finance,119000.0,13,Bangalore,2011-10-25
E0111,Employee_111,Operations,101000.0,9,Mumbai,2015-05-09
E0112,Employee_112,Sales,58000.0,0,Delhi,2024-08-01
E0113,Employee_113,Finance,154000.0,14,Hyderabad,2010-05-14
E0114,Employee_114,Sales,67000.0,2,Mumbai,2022-12-29
E0115,Employee_115,Operations,78000.0,8,Mumbai,2016-05-28
E0116,Employee_116,Marketing,70000.0,3,Pune,2021-02-27
E0117,Employee_117,Operations,112000.0,14,Bangalore,2010-10-12
E0118,Employee_118,Sales,69000.0,2,Hyderabad,2022-07-10
E0119,Employee_119,Finance,114000.0,15,Bangalore,2009-04-22
E0120,Employee_120,IT,91000.0,7,Delhi,2017-05-29
E0121,Employee_121,Sales,58000.0,0,Pune,2024-11-25
E0122,Employee_122,HR,69000.0,4,Mumbai,2020-08-14
E0123,Employee_123,IT,65000.0,0,Pune,2024-05-12
E0124,Employee_124,Sales,91000.0,6,Mumbai,2018-06-15
E0125,Employee_125,HR,61000.0,4,Pune,2020-02-09
E0126,Employee_126,Operations,92000.0,14,Mumbai,2010-03-18
E0127,Employee_127,IT,,1,Bangalore,2023-07-15
E0128,Employee_128,,116000.0,11,Bangalore,2013-09-02
E0129,Employee_129,Marketing,139000.0,15,Bangalore,2009-02-14
E0130,Employee_130,Operations,93000.0,13,Bangalore,2011-11-02
E0131,Employee_131,HR,50000.0,0,Pune,2024-03-27
E0132,Employee_132,Marketing,107000.0,10,Mumbai,2014-04-08
E0133,Employee_133,Finance,120000.0,14,Bangalore,2010-05-07
E0134,Employee_134,Operations,83000.0,6,Pune,2018-12-20
E0135,Employee_135,Operations,111000.0,11,Mumbai,2013-05-24
E0136,Employee_136,Sales,58000.0,0,Pune,2024-08-24
E0137,Employee_137,Sales,64000.0,2,Bangalore,2022-06-22
E0138,Employee_138,HR,108000.0,10,Delhi,2014-03-18
E0139,Employee_139,Operations,137000.0,14,Pune,2010-06-11
E0140,Employee_140,Sales,84000.0,5,Bangalore,2019-09-13
E0141,Employee_141,Finance,143000.0,14,Hyderabad,2010-05-07
E0142,Employee_142,Sales,81000.0,5,Mumbai,2019-07-22
E0143,Employee_143,Operations,94000.0,14,Bangalore,2010-06-29
E0144,Employee_144,IT,84000.0,6,Hyderabad,2018-04-22
E0145,Employee_145,Marketing,86000.0,10,Pune,2014-02-12
E0146,Employee_146,Operations,128000.0,13,Pune,2011-06-02
E0147,Employee_147,Finance,99000.0,10,Hyderabad,2014-01-11
E0148,Employee_148,Operations,55000.0,0,Hyderabad,2024-04-02
E0149,Employee_149,Finance,105000.0,6,Mumbai,2018-11-13
E0150,Employee_150,Operations,60000.0,1,Pune,2023-07-29
E0151,Employee_151,Marketing,78000.0,5,Hyderabad,2019-01-06
E0152,Employee_152,Marketing,131000.0,12,Delhi,2012-11-11
E0153,Employee_153,Finance,103000.0,7,Delhi,2017-12-21
E0154,Employee_154,Operations,108000.0,12,Hyderabad,2012-04-11
E0155,Employee_155,Marketing,81000.0,4,Mumbai,2020-01-29
E0156,Employee_156,HR,75000.0,9,Pune,2015-10-07
E0157,Employee_157,Operations,61000.0,2,Delhi,2022-12-07
E0158,Employee_158,Marketing,101000.0,10,Hyderabad,2014-10-08
E0159,Employee_159,IT,101000.0,7,Hyderabad,2017-11-24
E0160,Employee_160,IT,90000.0,7,Bangalore,2017-03-06
E0161,Employee_161,HR,67000.0,3,Hyderabad,2021-04-10
E0162,Employee_162,Marketing,91000.0,7,Mumbai,2017-08-19
E0163,Employee_163,IT,85000.0,4,Delhi,2020-12-28
E0164,Employee_164,,92000.0,12,,2012-05-08
E0165,Employee_165,Sales,112000.0,10,Delhi,2014-07-27
E0166,Employee_166,Marketing,71000.0,4,Delhi,2020-07-07
E0167,Employee_167,HR,,2,Mumbai,2022-03-12
E0168,Employee_168,Marketing,137000.0,14,Hyderabad,2010-12-31
E0169,Employee_169,Finance,86000.0,6,Mumbai,2018-04-08
E0170,Employee_170,Finance,107000.0,10,Hyderabad,2014-04-08
E0171,Employee_171,IT,135000.0,13,Bangalore,2011-08-03
E0172,Employee_172,Finance,119000.0,10,Mumbai,2014-10-12
E0173,Employee_173,HR,83000.0,8,Mumbai,2016-06-18
E0174,Employee_174,IT,103000.0,8,Pune,2016-12-25
E0175,Employee_175,HR,50000.0,0,Mumbai,2024-08-17
E0176,Employee_176,Operations,55000.0,0,Pune,2024-05-05
E0177,Employee_177,HR,75000.0,9,Hyderabad,2015-06-18
E0178,Employee_178,Finance,121000.0,11,Hyderabad,2013-08-02
E0179,Employee_179,Operations,92000.0,11,Hyderabad,2013-04-05
E0180,Employee_180,Finance,115000.0,10,Pune,2014-05-25
E0181,Employee_181,HR,89000.0,14,Hyderabad,2010-10-30
E0182,Employee_182,Finance,82000.0,4,Delhi,2020-07-03
E0183,Employee_183,Finance,70000.0,0,Mumbai,2024-06-21
E0184,Employee_184,Finance,80000.0,3,Pune,2021-11-22
E0185,Employee_185,Marketing,94000.0,11,Hyderabad,2013-08-07
E0186,Employee_186,Operations,55000.0,0,Delhi,2024-10-10
E0187,Employee_187,Operations,106000.0,14,Mumbai,2010-08-25
E0188,Employee_188,Operations,59000.0,1,Mumbai,2023-02-28
E0189,Employee_189,HR,56000.0,1,Hyderabad,2023-01-14
E0190,Employee_190,Sales,102000.0,15,Delhi,2009-03-14
E0191,Employee_191,HR,66000.0,3,Pune,2021-12-04
E0192,Employee_192,Operations,81000.0,7,Hyderabad,2017-12-26
E0193,Employee_193,IT,70000.0,1,Mumbai,2023-07-17
E0194,Employee_194,Finance,145000.0,13,Mumbai,2011-03-22
E0195,Employee_195,Finance,106000.0,8,Mumbai,2016-07-20
E0196,Employee_196,Sales,108000.0,14,Hyderabad,2010-01-27
E0197,Employee_197,IT,121000.0,11,Bangalore,2013-08-13
E0198,Employee_198,Marketing,100000.0,8,Bangalore,2016-05-21
E0199,Employee_199,HR,53000.0,1,Bangalore,2023-03-03
E0200,Employee_200,Marketing,60000.0,0,Delhi,2024-10-18
E0201,Employee_201,IT,111000.0,9,Hyderabad,2015-05-27
E0202,Employee_202,Sales,106000.0,14,Mumbai,2010-07-13
E0203,Employee_203,IT,91000.0,9,Delhi,2015-06-30
E0204,Employee_204,,86000.0,8,Bangalore,2016-03-08
E0205,Employee_205,Marketing,110000.0,14,Pune,2010-11-21
E0206,Employee_206,Marketing,63000.0,1,Delhi,2023-12-17
E0207,Employee_207,IT,92000.0,7,Delhi,2017-10-30
E0208,Employee_208,IT,112000.0,13,Hyderabad,2011-01-11
E0209,Employee_209,Finance,76000.0,2,Delhi,2022-04-17
E0210,Employee_210,Sales,58000.0,0,Hyderabad,2024-09-01
E0211,Employee_211,Finance,,10,Pune,2014-05-19
E0212,Employee_212,HR,50000.0,0,Mumbai,2024-08-30
E0213,Employee_213,HR,90000.0,9,Mumbai,2015-09-15
E0214,Employee_214,IT,70000.0,1,Bangalore,2023-04-06
E0215,Employee_215,Marketing,86000.0,6,Bangalore,2018-10-15
E0216,Employee_216,HR,80000.0,11,Pune,2013-05-04
E0217,Employee_217,HR,65000.0,5,,2019-01-22
E0218,Employee_218,Finance,148000.0,15,Bangalore,2009-02-12
E0219,Employee_219,Finance,119000.0,11,Delhi,2013-06-04
E0220,Employee_220,HR,98000.0,10,Hyderabad,2014-01-18
E0221,Employee_221,IT,70000.0,1,Bangalore,2023-05-13
E0222,Employee_222,Finance,88000.0,3,Pune,2021-10-13
E0223,Employee_223,HR,55000.0,1,Mumbai,2023-03-15
E0224,Employee_224,Marketing,60000.0,0,Pune,2024-02-27
E0225,Employee_225,Finance,110000.0,11,Hyderabad,2013-10-21
E0226,Employee_226,HR,55000.0,2,Hyderabad,2022-12-19
E0227,Employee_227,Sales,113000.0,14,Pune,2010-05-31
E0228,Employee_228,Finance,78000.0,3,Bangalore,2021-05-18
E0229,Employee_229,Sales,82000.0,9,Bangalore,2015-04-15
E0230,Employee_230,Finance,92000.0,4,Mumbai,2020-04-14
E0231,Employee_231,Finance,90000.0,4,Mumbai,2020-09-15
E0232,Employee_232,Operations,132000.0,14,Delhi,2010-03-05
E0233,Employee_233,Operations,75000.0,6,Delhi,2018-06-18
E0234,Employee_234,Sales,110000.0,13,Mumbai,2011-05-25
E0235,Employee_235,IT,118000.0,14,Delhi,2010-07-05
E0236,Employee_236,HR,80000.0,9,Pune,2015-12-05
E0237,Employee_237,IT,100000.0,7,Bangalore,2017-09-24
E0238,Employee_238,IT,105000.0,8,Delhi,2016-04-20
E0239,Employee_239,Operations,96000.0,11,Delhi,2013-09-28
E0240,Employee_240,HR,68000.0,6,Pune,2018-01-30
E0241,Employee_241,Operations,70000.0,4,Hyderabad,2020-03-10
E0242,Employee_242,Operations,92000.0,8,Mumbai,2016-03-25
E0243,Employee_243,Operations,80000.0,7,Pune,2017-04-13
E0244,Employee_244,Marketing,86000.0,9,Hyderabad,2015-08-18
E0245,Employee_245,IT,95000.0,8,Pune,2016-03-08
E0246,Employee_246,IT,93000.0,9,Bangalore,2015-03-25
E0247,Employee_247,IT,130000.0,15,Pune,2009-01-21
E0248,Employee_248,Marketing,87000.0,7,Pune,2017-06-02
E0249,Employee_249,Finance,91000.0,5,Bangalore,2019-12-03
E0250,Employee_250,Sales,68000.0,3,Mumbai,2021-03-06
E0251,Employee_251,Sales,96000.0,8,Hyderabad,2016-10-08
E0252,Employee_252,Marketing,130000.0,15,Delhi,2009-11-04
E0253,Employee_253,IT,130000.0,11,Mumbai,2013-04-01
E0254,Employee_254,Sales,81000.0,8,Pune,2016-10-22
E0255,Employee_255,Marketing,94000.0,9,Delhi,2015-03-05
E0256,Employee_256,Operations,98000.0,15,Bangalore,2009-09-04
E0257,Employee_257,HR,85000.0,9,Mumbai,2015-04-11
E0258,Employee_258,Sales,88000.0,8,Hyderabad,2016-03-25
E0259,Employee_259,HR,111000.0,13,Mumbai,2011-09-07
E0260,Employee_260,IT,113000.0,9,Mumbai,2015-01-24
E0261,Employee_261,Sales,68000.0,2,Delhi,2022-06-05
E0262,Employee_262,Marketing,107000.0,10,Bangalore,2014-08-10
E0263,Employee_263,Finance,115000.0,11,Bangalore,2013-10-19
E0264,Employee_264,Sales,130000.0,14,Mumbai,2010-01-06
E0265,Employee_265,Sales,69000.0,2,Bangalore,2022-12-20
E0266,Employee_266,Sales,91000.0,10,Delhi,2014-08-22
E0267,Employee_267,Sales,75000.0,5,Delhi,2019-03-06
E0268,Employee_268,Marketing,77000.0,5,Hyderabad,2019-03-30
E0269,Employee_269,Marketing,144000.0,14,Bangalore,2010-10-19
E0270,Employee_270,Finance,133000.0,12,Hyderabad,2012-05-07
E0271,Employee_271,Marketing,121000.0,14,Pune,2010-06-27
E0272,Employee_272,Marketing,94000.0,12,Delhi,2012-05-08
E0273,Employee_273,IT,83000.0,5,Mumbai,2019-11-14
E0274,Employee_274,IT,84000.0,4,Delhi,2020-05-16
E0275,Employee_275,HR,122000.0,13,Pune,2011-04-22
E0276,Employee_276,Finance,81000.0,4,Mumbai,2020-05-30
E0277,Employee_277,IT,69000.0,1,Bangalore,2023-06-11
E0278,Employee_278,Finance,118000.0,13,Bangalore,2011-02-26
E0279,Employee_279,Finance,90000.0,6,Delhi,2018-02-27
E0280,Employee_280,Sales,97000.0,11,Mumbai,2013-09-07
E0281,Employee_281,Operations,68000.0,3,Mumbai,2021-10-15
E0282,Employee_282,Operations,126000.0,13,Hyderabad,2011-11-25
E0283,Employee_283,Operations,60000.0,2,Pune,2022-12-13
E0284,Employee_284,Finance,104000.0,7,Bangalore,2017-12-25
E0285,Employee_285,Sales,67000.0,3,Delhi,2021-02-24
E0286,Employee_286,HR,112000.0,14,Mumbai,2010-08-06
E0287,Employee_287,HR,105000.0,10,Bangalore,2014-02-27
E0288,Employee_288,Operations,70000.0,3,Delhi,2021-03-15
E0289,Employee_289,HR,92000.0,7,Bangalore,2017-10-10
E0290,Employee_290,Sales,58000.0,0,Delhi,2024-09-11
E0291,Employee_291,Operations,83000.0,8,Bangalore,2016-06-29
E0292,Employee_292,Sales,93000.0,13,Hyderabad,2011-09-16
E0293,Employee_293,HR,134000.0,15,Pune,2009-07-15
E0294,Employee_294,Operations,73000.0,6,Bangalore,2018-02-28
E0295,Employee_295,Sales,95000.0,14,Pune,2010-03-10
E0296,Employee_296,Marketing,104000.0,11,Bangalore,2014-01-01
E0297,Employee_297,Marketing,65000.0,1,Mumbai,2023-05-26
E0298,Employee_298,Sales,104000.0,10,Hyderabad,2014-05-29
E0299,Employee_299,Sales,138000.0,15,Hyderabad,2009-07-19
E0300,Employee_300,IT,117000.0,11,Pune,2013-02-21
E0062,Employee_062,Sales,91000.0,6,Delhi,2018-10-08
E0220,Employee_220,HR,98000.0,10,Hyderabad,2014-01-18
E0056,Employee_056,HR,67000.0,3,Pune,2021-08-01
E0245,Employee_245,IT,95000.0,8,Pune,2016-03-08
E0096,Employee_096,IT,132000.0,12,Hyderabad,2012-11-09
E0131,Employee_131,HR,50000.0,0,Pune,2024-03-27
E0285,Employee_285,Sales,67000.0,3,Delhi,2021-02-24
E0155,Employee_155,Marketing,81000.0,4,Mumbai,2020-01-29
