order_id,customer_id,product,category,quantity,unit_price,discount,order_date
50001,C0376,Mouse,Electronics,1,800,0.0,2025-01-30
50002,C0212,Chair,Furniture,5,7000,0.2,2025-04-25
50003,C0075,Chair,Furniture,2,7000,0.0,2025-03-31
50004,C0378,Bookshelf,Furniture,4,9000,0.0,2025-07-31
50005,C0202,Pen,Stationery,1,30,0.0,2025-02-07
50006,C0445,Headphones,Electronics,7,2500,0.05,2025-03-24
50007,C0407,Notebook,Stationery,3,120,0.0,2025-01-27
50008,C0421,Laptop,Electronics,3,65000,0.1,2025-08-05
50009,C0297,Notebook,Stationery,4,120,0.1,2025-12-26
50010,C0308,Pen,Stationery,3,30,0.2,2025-08-03
50011,C0211,Desk,Furniture,7,15000,0.0,2025-08-09
50012,C0493,Monitor,Electronics,1,12000,0.05,2025-01-15
50013,C0338,Keyboard,Electronics,1,1500,0.1,2025-09-16
50014,C0433,Pen,Stationery,3,30,0.1,2025-09-23
50015,C0411,Chair,Furniture,3,7000,0.1,2025-04-30
50016,C0134,Laptop,Electronics,5,65000,0.15,2025-05-08
50017,C0330,Keyboard,Electronics,2,1500,0.0,2025-07-30
50018,C0066,Mouse,Electronics,4,800,0.15,2025-01-11
50019,C0280,Notebook,Stationery,1,120,0.1,2025-06-25
50020,C0422,Keyboard,Electronics,4,1500,0.0,2025-05-13
50021,C0028,Mouse,Electronics,5,800,0.15,2025-11-21
50022,C0412,Monitor,Electronics,1,12000,0.1,2025-11-16
50023,C0117,Mouse,Electronics,5,800,0.0,2025-01-14
50024,C0493,Laptop,Electronics,5,65000,0.0,2025-02-19
50025,C0370,Chair,Furniture,6,7000,0.0,2025-03-13
50026,C0487,Pen,Stationery,3,30,0.1,2025-03-10
50027,C0450,Bookshelf,Furniture,7,9000,0.0,2025-01-16
50028,C0317,Pen,Stationery,6,30,0.0,2025-11-30
50029,C0430,Pen,Stationery,4,30,0.0,2025-12-23
50030,C0325,Mouse,Electronics,7,800,0.1,2025-02-25
50031,C0114,Notebook,Stationery,4,120,0.15,2025-04-15
50032,C0075,Keyboard,Electronics,3,1500,0.15,2025-05-12
50033,C0202,Bookshelf,Furniture,7,9000,0.0,2025-02-17
50034,C0427,Bookshelf,Furniture,6,9000,0.2,2025-09-05
50035,C0059,Keyboard,Electronics,4,1500,0.1,2025-09-30
50036,C0386,Keyboard,Electronics,6,1500,0.15,2025-04-21
50037,C0015,Chair,Furniture,3,7000,0.05,2025-11-22
50038,C0231,Laptop,Electronics,7,65000,0.05,2025-12-02
50039,C0105,Monitor,Electronics,7,12000,0.15,2025-12-15
50040,,Laptop,Electronics,1,65000,0.0,2025-02-07
50041,C0199,,Electronics,5,1500,0.1,2025-12-23
50042,C0404,Notebook,Stationery,5,120,0.15,2025-08-28
50043,C0354,Headphones,Electronics,6,2500,0.15,2025-11-14
50044,C0035,Headphones,Electronics,7,2500,0.2,2025-05-01
50045,C0162,Monitor,Electronics,4,12000,0.1,2025-02-17
50046,C0245,Keyboard,Electronics,6,1500,0.0,2025-01-10
50047,C0470,Headphones,Electronics,6,2500,0.0,2025-08-21
50048,C0287,Monitor,Electronics,2,12000,0.1,2025-02-05
50049,C0383,Bookshelf,Furniture,7,9000,0.1,2025-01-04
50050,C0471,Monitor,Electronics,5,12000,0.0,2025-02-13
50051,C0019,Bookshelf,Furniture,7,9000,0.0,2025-02-25
50052,C0452,Chair,Furniture,3,7000,0.1,2025-02-11
50053,C0280,Headphones,Electronics,6,2500,0.15,2025-09-12
50054,C0340,Monitor,Electronics,2,12000,0.2,2025-08-16
50055,C0423,Monitor,Electronics,2,12000,0.15,2025-04-24
50056,C0348,Monitor,Electronics,5,12000,0.15,2025-08-25
50057,C0182,Notebook,Stationery,5,120,0.1,2025-06-23
50058,C0423,Monitor,Electronics,5,12000,0.2,2025-09-12
50059,C0401,Notebook,Stationery,3,120,0.1,2025-10-04
50060,C0147,Pen,Stationery,2,30,,2025-12-01
50061,C0374,Chair,Furniture,4,7000,0.2,2025-03-10
50062,C0176,Pen,Stationery,3,30,0.2,2025-11-22
50063,C0163,Desk,Furniture,1,15000,0.05,2025-08-18
50064,C0416,Pen,Stationery,6,30,0.0,2025-03-08
50065,C0175,Keyboard,Electronics,5,1500,0.0,2025-10-31
50066,C0494,Bookshelf,Furniture,2,9000,0.0,2025-02-05
50067,C0047,Keyboard,Electronics,6,1500,0.0,2025-06-08
50068,C0256,Laptop,Electronics,7,65000,0.0,2025-05-29
50069,C0448,Pen,Stationery,3,30,0.05,2025-01-27
50070,C0174,Headphones,Electronics,1,2500,0.1,2025-03-13
50071,C0103,Mouse,Electronics,7,800,0.1,2025-09-05
50072,C0121,Pen,Stationery,3,30,0.0,2025-04-11
50073,C0419,Chair,Furniture,3,7000,0.1,2025-07-09
50074,C0350,Pen,Stationery,4,30,0.1,2025-04-06
50075,C0145,Notebook,Stationery,6,120,0.1,2025-10-09
50076,C0042,Laptop,Electronics,4,65000,0.2,2025-11-18
50077,C0367,Monitor,Electronics,3,12000,0.0,2025-10-05
50078,C0029,Laptop,Electronics,1,65000,0.0,2025-01-17
50079,C0454,Laptop,Electronics,2,65000,0.05,2025-09-20
50080,C0380,Bookshelf,Furniture,2,9000,0.0,2025-04-17
50081,C0273,Mouse,Electronics,7,800,0.1,2025-03-09
50082,C0465,Laptop,Electronics,6,65000,0.05,2025-05-08
50083,C0014,Bookshelf,Furniture,5,9000,0.05,2025-10-20
50084,C0408,Monitor,Electronics,5,12000,0.0,2025-10-21
50085,C0441,Keyboard,Electronics,2,1500,0.05,2025-04-06
50086,C0306,Monitor,Electronics,3,12000,0.1,2025-01-01
50087,C0313,Headphones,Electronics,3,2500,0.1,2025-10-25
50088,C0485,Laptop,Electronics,4,65000,0.0,2025-06-29
50089,C0189,Laptop,Electronics,6,65000,0.0,2025-06-30
50090,C0360,Keyboard,Electronics,4,1500,0.0,2025-08-23
50091,C0295,Chair,Furniture,5,7000,0.0,2025-11-15
50092,C0183,Laptop,Electronics,2,65000,0.15,2025-12-03
50093,C0352,Mouse,Electronics,7,800,0.0,2025-01-08
50094,C0036,Desk,Furniture,3,15000,0.1,2025-01-27
50095,C0370,Laptop,Electronics,2,65000,0.15,2025-11-04
50096,C0037,Desk,Furniture,1,15000,0.0,2025-05-26
50097,C0496,Monitor,Electronics,2,12000,0.05,2025-04-01
50098,C0014,Pen,Stationery,1,30,0.2,2025-12-08
50099,C0411,Chair,Furniture,4,7000,0.15,2025-09-29
50100,C0123,Bookshelf,Furniture,4,9000,0.1,2025-11-18
50101,C0083,,Stationery,5,120,0.15,2025-01-05
50102,C0159,Chair,Furniture,2,7000,0.15,2025-03-23
50103,C0494,Notebook,Stationery,2,120,0.05,2025-08-07
50104,C0329,Monitor,Electronics,1,12000,0.15,2025-04-28
50105,C0102,Chair,Furniture,4,7000,0.1,2025-03-22
50106,C0337,Bookshelf,Furniture,1,9000,0.1,2025-03-11
50107,C0083,Notebook,Stationery,4,120,0.2,2025-04-25
50108,C0044,Keyboard,Electronics,1,1500,0.15,2025-09-20
50109,C0068,Mouse,Electronics,4,800,0.05,2025-11-02
50110,C0048,Chair,Furniture,1,7000,0.0,2025-05-22
50111,C0057,Monitor,Electronics,7,12000,0.1,2025-07-26
50112,C0075,Laptop,Electronics,4,65000,0.1,2025-04-21
50113,C0022,Bookshelf,Furniture,6,9000,0.1,2025-10-30
50114,C0132,Notebook,Stationery,1,120,0.2,2025-04-22
50115,C0465,Notebook,Stationery,2,120,0.15,2025-02-12
50116,C0456,Mouse,Electronics,5,800,0.05,2025-12-13
50117,C0302,Notebook,Stationery,6,120,0.0,2025-10-12
50118,C0443,Desk,Furniture,6,15000,0.1,2025-05-08
50119,C0418,Headphones,Electronics,1,2500,0.1,2025-07-04
50120,C0267,Desk,Furniture,5,15000,0.1,2025-08-17
50121,C0287,Notebook,Stationery,2,120,0.1,2025-08-09
50122,C0395,Bookshelf,Furniture,6,9000,0.1,2025-12-18
50123,,Chair,Furniture,2,7000,0.05,2025-04-27
50124,C0246,Monitor,Electronics,4,12000,0.05,2025-03-11
50125,C0056,Laptop,Electronics,7,65000,0.1,2025-03-11
50126,C0038,Chair,Furniture,5,7000,0.0,2025-04-20
50127,C0245,Keyboard,Electronics,7,1500,0.05,2025-05-12
50128,C0021,Chair,Furniture,3,7000,0.05,2025-02-25
50129,C0110,Chair,Furniture,4,7000,0.1,2025-03-30
50130,C0094,Monitor,Electronics,5,12000,0.0,2025-05-17
50131,C0394,Mouse,Electronics,1,800,0.15,2025-05-11
50132,C0410,Notebook,Stationery,7,120,0.1,2025-08-06
50133,C0475,Mouse,Electronics,1,800,0.1,2025-06-25
50134,C0136,Keyboard,Electronics,2,1500,0.1,2025-06-20
50135,C0231,Pen,Stationery,6,30,0.05,2025-04-10
50136,C0008,Laptop,Electronics,7,65000,0.1,2025-05-09
50137,C0444,Desk,Furniture,3,15000,0.2,2025-02-26
50138,C0328,Laptop,Electronics,1,65000,0.15,2025-06-30
50139,C0375,Notebook,Stationery,5,120,0.2,2025-09-03
50140,C0290,Laptop,Electronics,7,65000,0.1,2025-05-24
50141,C0251,Headphones,Electronics,7,2500,0.0,2025-02-20
50142,C0400,Desk,Furniture,6,15000,0.0,2025-08-06
50143,C0361,Keyboard,Electronics,6,1500,0.1,2025-04-14
50144,C0397,Notebook,Stationery,5,120,0.05,2025-02-24
50145,C0087,Bookshelf,Furniture,6,9000,0.05,2025-09-14
50146,C0204,Keyboard,Electronics,1,1500,0.15,2025-12-12
50147,C0219,Headphones,Electronics,5,2500,0.05,2025-06-05
50148,C0406,Desk,Furniture,5,15000,0.05,2025-02-22
50149,C0480,Monitor,Electronics,2,12000,0.15,2025-11-25
50150,C0241,Headphones,Electronics,3,2500,0.15,2025-07-06
50151,C0411,Keyboard,Electronics,7,1500,0.05,2025-12-30
50152,C0320,Notebook,Stationery,2,120,0.15,2025-05-30
50153,C0258,Pen,Stationery,3,30,0.15,2025-09-21
50154,C0109,Notebook,Stationery,5,120,0.05,2025-09-07
50155,C0256,Desk,Furniture,7,15000,0.0,2025-10-25
50156,C0481,Pen,Stationery,6,30,0.0,2025-07-30
50157,C0282,Mouse,Electronics,3,800,0.1,2025-01-25
50158,C0220,Desk,Furniture,5,15000,0.05,2025-10-21
50159,C0083,Desk,Furniture,5,15000,0.2,2025-12-07
50160,C0107,Headphones,Electronics,2,2500,0.15,2025-06-01
50161,C0069,Notebook,Stationery,2,120,0.15,2025-01-24
50162,C0097,Keyboard,Electronics,6,1500,0.2,2025-09-09
50163,C0212,Monitor,Electronics,4,12000,0.15,2025-03-01
50164,C0286,Laptop,Electronics,1,65000,0.05,2025-03-07
50165,C0237,Chair,Furniture,4,7000,0.0,2025-02-22
50166,C0008,Monitor,Electronics,4,12000,0.1,2025-04-16
50167,C0294,Laptop,Electronics,7,65000,0.05,2025-04-06
50168,C0189,Mouse,Electronics,7,800,0.1,2025-06-25
50169,C0081,Keyboard,Electronics,6,1500,0.1,2025-02-08
50170,C0108,Notebook,Stationery,7,120,0.2,2025-06-17
50171,C0321,Bookshelf,Furniture,3,9000,0.05,2025-02-11
50172,C0067,Desk,Furniture,6,15000,0.15,2025-04-14
50173,C0174,Monitor,Electronics,6,12000,0.05,2025-11-29
50174,C0346,Laptop,Electronics,5,65000,0.1,2025-07-23
50175,C0351,Bookshelf,Furniture,5,9000,0.0,2025-01-08
50176,C0328,Monitor,Electronics,5,12000,0.15,2025-10-09
50177,C0043,Keyboard,Electronics,1,1500,0.0,2025-02-12
50178,C0187,Notebook,Stationery,3,120,0.1,2025-04-20
50179,C0302,Pen,Stationery,3,30,0.0,2025-07-29
50180,C0200,Monitor,Electronics,5,12000,0.05,2025-08-25
50181,C0381,Monitor,Electronics,4,12000,0.1,2025-12-22
50182,C0419,Notebook,Stationery,1,120,0.05,2025-11-15
50183,C0039,Mouse,Electronics,4,800,0.0,2025-02-18
50184,C0220,Headphones,Electronics,2,2500,0.05,2025-04-25
50185,C0307,Monitor,Electronics,3,12000,0.1,2025-06-04
50186,C0004,Notebook,Stationery,3,120,0.1,2025-05-17
50187,C0121,Headphones,Electronics,4,2500,0.0,2025-06-16
50188,C0336,Notebook,Stationery,1,120,0.1,2025-11-17
50189,C0077,Notebook,Stationery,3,120,0.0,2025-07-18
50190,C0468,Mouse,Electronics,4,800,0.1,2025-03-12
50191,C0179,Notebook,Stationery,6,120,,2025-01-07
50192,C0133,Keyboard,Electronics,6,1500,0.1,2025-07-19
50193,C0311,Monitor,Electronics,7,12000,0.05,2025-12-02
50194,C0229,Laptop,Electronics,1,65000,0.2,2025-03-08
50195,C0276,Laptop,Electronics,4,65000,0.05,2025-05-18
50196,C0152,Laptop,Electronics,7,65000,0.0,2025-08-30
50197,C0164,Notebook,Stationery,6,120,0.05,2025-08-01
50198,C0290,Bookshelf,Furniture,1,9000,0.15,2025-06-30
50199,C0378,Headphones,Electronics,7,2500,0.1,2025-09-11
50200,C0109,Headphones,Electronics,5,2500,0.1,2025-04-11
50201,C0126,Notebook,Stationery,1,120,0.2,2025-12-17
50202,C0240,Keyboard,Electronics,2,1500,0.2,2025-03-28
50203,C0310,Keyboard,Electronics,5,1500,0.1,2025-07-04
50204,C0418,Desk,Furniture,7,15000,0.0,2025-04-01
50205,C0467,Notebook,Stationery,4,120,0.15,2025-09-05
50206,C0401,Chair,Furniture,5,7000,0.0,2025-08-02
50207,C0389,Mouse,Electronics,5,800,0.1,2025-12-25
50208,C0345,Laptop,Electronics,7,65000,0.1,2025-09-06
50209,C0146,Mouse,Electronics,4,800,0.15,2025-05-06
50210,C0252,Laptop,Electronics,4,65000,0.1,2025-01-04
50211,C0183,Pen,Stationery,6,30,0.1,2025-03-29
50212,C0309,Pen,Stationery,2,30,0.2,2025-05-31
50213,C0306,Notebook,Stationery,4,120,0.0,2025-06-25
50214,C0072,Pen,Stationery,3,30,0.05,2025-07-30
50215,C0219,Bookshelf,Furniture,3,9000,0.1,2025-09-16
50216,C0207,Desk,Furniture,2,15000,0.2,2025-04-01
50217,C0173,Keyboard,Electronics,1,1500,0.0,2025-09-16
50218,C0141,Bookshelf,Furniture,7,9000,0.0,2025-07-10
50219,C0272,Mouse,Electronics,1,800,0.0,2025-03-22
50220,C0214,Mouse,Electronics,3,800,0.0,2025-05-18
50221,C0468,Pen,Stationery,4,30,0.2,2025-12-16
50222,C0269,Keyboard,Electronics,2,1500,0.1,2025-05-06
50223,C0020,Desk,Furniture,1,15000,0.1,2025-12-22
50224,C0066,Laptop,Electronics,1,65000,0.1,2025-11-05
50225,C0483,Bookshelf,Furniture,7,9000,0.15,2025-12-09
50226,C0303,Desk,Furniture,5,15000,0.0,2025-08-18
50227,C0147,Monitor,Electronics,3,12000,0.05,2025-12-11
50228,C0429,Headphones,Electronics,4,2500,0.1,2025-11-06
50229,C0165,Pen,Stationery,2,30,0.0,2025-01-20
50230,C0378,Laptop,Electronics,1,65000,0.05,2025-02-18
50231,C0310,Monitor,Electronics,7,12000,0.05,2025-05-15
50232,C0006,Laptop,Electronics,5,65000,0.0,2025-01-29
50233,C0014,Laptop,Electronics,3,65000,0.0,2025-02-17
50234,C0132,Pen,Stationery,3,30,0.15,2025-09-26
50235,C0342,Laptop,Electronics,7,65000,0.0,2025-01-03
50236,C0243,Desk,Furniture,2,15000,0.2,2025-09-15
50237,,Desk,Furniture,1,15000,0.0,2025-01-16
50238,C0231,Monitor,Electronics,2,12000,0.15,2025-04-04
50239,C0228,Mouse,Electronics,7,800,0.15,2025-12-24
50240,C0162,Keyboard,Electronics,7,1500,0.2,2025-05-14
50241,C0283,Bookshelf,Furniture,2,9000,0.15,2025-10-28
50242,C0263,Bookshelf,Furniture,6,9000,0.05,2025-11-23
50243,C0131,Chair,Furniture,5,7000,0.05,2025-05-13
50244,C0431,Pen,Stationery,3,30,0.05,2025-11-08
50245,C0225,Notebook,Stationery,6,120,0.0,2025-02-01
50246,C0258,Notebook,Stationery,4,120,0.0,2025-11-01
50247,C0234,Monitor,Electronics,3,12000,0.15,2025-09-26
50248,C0336,Laptop,Electronics,3,65000,0.1,2025-01-25
50249,C0409,Laptop,Electronics,5,65000,0.1,2025-11-12
50250,C0316,Pen,Stationery,4,30,0.2,2025-02-28
50251,C0463,Headphones,Electronics,1,2500,0.1,2025-08-01
50252,C0024,Mouse,Electronics,4,800,0.1,2025-06-05
50253,C0271,Chair,Furniture,1,7000,0.15,2025-11-10
50254,C0095,Desk,Furniture,4,15000,0.0,2025-10-03
50255,C0142,Laptop,Electronics,2,65000,0.05,2025-07-29
50256,C0182,Chair,Furniture,7,7000,0.2,2025-02-26
50257,C0206,Bookshelf,Furniture,4,9000,0.2,2025-07-04
50258,C0390,Headphones,Electronics,6,2500,0.15,2025-02-23
50259,C0462,Desk,Furniture,6,15000,0.1,2025-07-28
50260,C0081,Pen,Stationery,5,30,0.15,2025-12-08
50261,C0274,Chair,Furniture,7,7000,0.0,2025-10-20
50262,C0276,Monitor,Electronics,7,12000,0.0,2025-12-06
50263,C0371,Desk,Furniture,1,15000,0.05,2025-10-31
50264,C0446,Pen,Stationery,3,30,0.1,2025-09-09
50265,C0465,Notebook,Stationery,5,120,0.05,2025-10-31
50266,C0208,Pen,Stationery,6,30,0.05,2025-04-22
50267,C0296,Pen,Stationery,6,30,0.0,2025-01-06
50268,C0039,Desk,Furniture,1,15000,0.1,2025-07-10
50269,C0436,Headphones,Electronics,6,2500,0.15,2025-11-30
50270,C0288,Desk,Furniture,6,15000,0.1,2025-10-06
50271,C0124,Keyboard,Electronics,1,1500,0.0,2025-12-06
50272,C0364,Mouse,Electronics,6,800,0.1,2025-01-13
50273,C0457,Headphones,Electronics,3,2500,0.1,2025-10-30
50274,C0283,Monitor,Electronics,2,12000,0.1,2025-02-13
50275,C0366,Headphones,Electronics,5,2500,0.05,2025-04-15
50276,C0180,Bookshelf,Furniture,3,9000,0.1,2025-06-09
50277,C0097,Monitor,Electronics,3,12000,0.2,2025-06-03
50278,C0191,Notebook,Stationery,2,120,0.0,2025-08-30
50279,C0074,Desk,Furniture,7,15000,0.05,2025-06-30
50280,C0447,Pen,Stationery,5,30,0.05,2025-01-14
50281,C0273,Desk,Furniture,3,15000,0.1,2025-06-29
50282,C0497,Bookshelf,Furniture,6,9000,0.0,2025-10-19
50283,C0049,Chair,Furniture,2,7000,0.0,2025-09-21
50284,C0484,Bookshelf,Furniture,7,9000,0.05,2025-06-17
50285,C0337,Keyboard,Electronics,5,1500,0.2,2025-08-02
50286,C0210,Pen,Stationery,4,30,0.1,2025-05-30
50287,C0116,Pen,Stationery,1,30,0.1,2025-01-16
50288,C0023,Laptop,Electronics,6,65000,0.15,2025-04-01
50289,C0098,Chair,Furniture,2,7000,0.0,2025-04-30
50290,C0328,Laptop,Electronics,1,65000,0.15,2025-09-10
50291,C0397,Notebook,Stationery,7,120,0.1,2025-03-01
50292,C0407,Mouse,Electronics,7,800,0.05,2025-09-23
50293,C0313,Mouse,Electronics,4,800,0.15,2025-01-31
50294,C0190,Desk,Furniture,3,15000,0.15,2025-01-21
50295,C0182,Mouse,Electronics,3,800,0.15,2025-08-07
50296,C0148,Pen,Stationery,5,30,0.0,2025-03-22
50297,C0342,Bookshelf,Furniture,2,9000,,2025-10-16
50298,C0495,Chair,Furniture,2,7000,0.2,2025-01-31
50299,C0436,Desk,Furniture,7,15000,0.05,2025-08-22
50300,C0023,Desk,Furniture,5,15000,0.0,2025-02-05
50301,C0105,Chair,Furniture,1,7000,0.0,2025-05-12
50302,C0163,Pen,Stationery,3,30,0.2,2025-11-20
50303,C0067,Notebook,Stationery,3,120,0.1,2025-12-12
50304,C0290,Notebook,Stationery,7,120,0.05,2025-05-12
50305,C0289,Desk,Furniture,2,15000,0.05,2025-01-09
50306,C0046,Notebook,Stationery,7,120,0.05,2025-01-30
50307,C0081,Pen,Stationery,2,30,0.1,2025-04-25
50308,C0429,Keyboard,Electronics,5,1500,0.05,2025-10-28
50309,C0147,Keyboard,Electronics,4,1500,0.2,2025-01-04
50310,C0222,Laptop,Electronics,1,65000,0.1,2025-11-21
50311,C0343,Headphones,Electronics,6,2500,0.15,2025-08-25
50312,C0015,Monitor,Electronics,4,12000,0.05,2025-01-23
50313,C0379,Mouse,Electronics,4,800,0.0,2025-01-16
50314,C0121,Notebook,Stationery,2,120,0.1,2025-01-22
50315,C0078,Keyboard,Electronics,2,1500,0.05,2025-03-13
50316,C0322,Bookshelf,Furniture,2,9000,0.0,2025-10-31
50317,C0295,Chair,Furniture,4,7000,0.2,2025-08-18
50318,C0241,Headphones,Electronics,7,2500,0.05,2025-04-17
50319,C0018,Laptop,Electronics,1,65000,0.0,2025-07-27
50320,C0256,Monitor,Electronics,7,12000,0.0,2025-07-27
50321,C0454,Keyboard,Electronics,2,1500,0.05,2025-09-20
50322,C0443,Laptop,Electronics,3,65000,0.2,2025-02-20
50323,C0416,Headphones,Electronics,7,2500,0.05,2025-03-06
50324,C0277,Chair,Furniture,1,7000,0.05,2025-09-22
50325,C0424,Mouse,Electronics,3,800,0.1,2025-12-04
50326,C0476,Keyboard,Electronics,1,1500,0.05,2025-10-28
50327,C0027,Chair,Furniture,2,7000,0.0,2025-06-24
50328,C0002,Monitor,Electronics,7,12000,0.0,2025-06-01
50329,C0353,Notebook,Stationery,6,120,0.05,2025-09-23
50330,C0464,Headphones,Electronics,5,2500,0.0,2025-11-25
50331,C0295,Monitor,Electronics,2,12000,0.0,2025-10-31
50332,C0470,Mouse,Electronics,4,800,0.15,2025-06-12
50333,C0312,Chair,Furniture,6,7000,0.0,2025-12-09
50334,C0363,Pen,Stationery,4,30,0.15,2025-08-26
50335,C0383,Mouse,Electronics,1,800,0.15,2025-07-18
50336,C0239,Desk,Furniture,4,15000,0.1,2025-01-16
50337,C0013,Keyboard,Electronics,6,1500,0.05,2025-11-05
50338,C0382,Notebook,Stationery,6,120,0.0,2025-10-23
50339,C0184,Headphones,Electronics,2,2500,0.1,2025-12-22
50340,C0194,Bookshelf,Furniture,3,9000,0.1,2025-10-03
50341,C0462,Chair,Furniture,2,7000,0.1,2025-08-27
50342,C0056,Pen,Stationery,1,30,0.0,2025-03-10
50343,C0230,Bookshelf,Furniture,4,9000,0.2,2025-10-28
50344,C0489,Keyboard,Electronics,3,1500,0.0,2025-01-06
50345,C0028,Keyboard,Electronics,7,1500,0.05,2025-08-08
50346,C0320,Headphones,Electronics,5,2500,0.05,2025-09-11
50347,C0071,Pen,Stationery,6,30,0.0,2025-10-22
50348,C0210,Keyboard,Electronics,3,1500,0.1,2025-12-24
50349,C0448,Bookshelf,Furniture,7,9000,0.15,2025-04-17
50350,C0184,Pen,Stationery,3,30,0.15,2025-10-22
50351,C0425,Bookshelf,Furniture,2,9000,0.15,2025-04-28
50352,C0375,Mouse,Electronics,7,800,0.1,2025-06-17
50353,C0356,Monitor,Electronics,5,12000,0.1,2025-09-08
50354,C0041,Pen,Stationery,6,30,0.0,2025-03-23
50355,C0484,Laptop,Electronics,1,65000,0.1,2025-02-23
50356,C0492,Monitor,Electronics,1,12000,0.0,2025-08-28
50357,C0260,Monitor,Electronics,3,12000,0.05,2025-01-12
50358,C0441,Pen,Stationery,7,30,0.05,2025-07-28
50359,C0414,Notebook,Stationery,3,120,0.05,2025-06-14
50360,C0344,Keyboard,Electronics,4,1500,0.1,2025-10-21
50361,C0084,Mouse,Electronics,5,800,0.2,2025-01-07
50362,C0046,Notebook,Stationery,6,120,0.05,2025-03-19
50363,C0440,Notebook,Stationery,3,120,0.2,2025-03-06
50364,C0159,Laptop,Electronics,4,65000,0.15,2025-04-12
50365,C0344,Chair,Furniture,7,7000,0.1,2025-12-23
50366,C0007,Pen,Stationery,5,30,0.1,2025-10-27
50367,C0474,Bookshelf,Furniture,6,9000,0.0,2025-10-14
50368,C0333,Keyboard,Electronics,1,1500,0.15,2025-06-20
50369,C0438,Notebook,Stationery,4,120,0.1,2025-03-18
50370,C0136,Mouse,Electronics,7,800,0.2,2025-02-17
50371,C0183,Chair,Furniture,5,7000,0.1,2025-09-12
50372,C0197,Laptop,Electronics,4,65000,0.15,2025-03-23
50373,C0172,Desk,Furniture,3,15000,0.15,2025-07-28
50374,C0397,Keyboard,Electronics,2,1500,0.05,2025-07-28
50375,C0349,Desk,Furniture,1,15000,0.05,2025-03-25
50376,C0276,Monitor,Electronics,3,12000,0.05,2025-01-10
50377,C0078,Notebook,Stationery,3,120,0.1,2025-01-29
50378,C0416,Headphones,Electronics,7,2500,0.0,2025-10-31
50379,C0444,Keyboard,Electronics,7,1500,0.15,2025-04-26
50380,C0178,Bookshelf,Furniture,5,9000,0.1,2025-09-26
50381,C0027,Chair,Furniture,7,7000,0.2,2025-02-16
50382,C0120,Mouse,Electronics,4,800,0.15,2025-12-25
50383,C0281,Keyboard,Electronics,1,1500,0.1,2025-04-01
50384,C0308,Bookshelf,Furniture,3,9000,0.2,2025-02-22
50385,C0196,Pen,Stationery,5,30,0.1,2025-08-06
50386,C0277,Desk,Furniture,1,15000,0.15,2025-12-14
50387,C0018,Pen,Stationery,7,30,0.05,2025-03-18
50388,C0295,Chair,Furniture,7,7000,0.05,2025-07-23
50389,C0271,Laptop,Electronics,4,65000,0.05,2025-02-13
50390,C0053,Notebook,Stationery,7,120,0.1,2025-06-05
50391,C0294,Keyboard,Electronics,3,1500,0.1,2025-01-02
50392,C0432,Headphones,Electronics,6,2500,0.1,2025-12-23
50393,C0052,Desk,Furniture,3,15000,0.05,2025-11-09
50394,C0216,Desk,Furniture,3,15000,0.2,2025-02-26
50395,C0072,Keyboard,Electronics,7,1500,0.1,2025-10-17
50396,C0028,Monitor,Electronics,1,12000,0.05,2025-02-27
50397,C0469,Pen,Stationery,7,30,0.1,2025-09-11
50398,C0400,Desk,Furniture,1,15000,0.15,2025-06-29
50399,C0252,Bookshelf,Furniture,1,9000,0.2,2025-06-06
50400,C0374,Mouse,Electronics,1,800,0.1,2025-02-04
50401,C0400,Notebook,Stationery,5,120,0.0,2025-03-16
50402,C0035,Desk,Furniture,2,15000,0.05,2025-10-16
50403,C0401,Bookshelf,Furniture,7,9000,0.1,2025-03-16
50404,C0201,Chair,Furniture,5,7000,0.15,2025-11-25
50405,C0249,Chair,Furniture,3,7000,0.05,2025-03-19
50406,C0099,Notebook,Stationery,5,120,0.2,2025-09-12
50407,C0308,Monitor,Electronics,4,12000,0.1,2025-09-22
50408,C0477,Headphones,Electronics,6,2500,0.2,2025-10-31
50409,C0487,Notebook,Stationery,1,120,0.0,2025-03-08
50410,C0466,Laptop,Electronics,7,65000,0.15,2025-08-09
50411,C0140,Monitor,Electronics,4,12000,0.2,2025-06-13
50412,C0083,Desk,Furniture,7,15000,0.2,2025-08-08
50413,C0048,Notebook,Stationery,6,120,0.0,2025-06-21
50414,C0278,Pen,Stationery,4,30,,2025-09-11
50415,C0379,Chair,Furniture,7,7000,0.1,2025-07-29
50416,C0248,Bookshelf,Furniture,3,9000,0.0,2025-07-07
50417,C0383,Notebook,Stationery,1,120,0.0,2025-07-10
50418,C0177,Pen,Stationery,4,30,0.0,2025-08-03
50419,C0052,Monitor,Electronics,3,12000,0.1,2025-03-27
50420,C0079,Laptop,Electronics,1,65000,0.1,2025-04-16
50421,C0385,Bookshelf,Furniture,2,9000,0.0,2025-11-28
50422,C0322,Mouse,Electronics,3,800,0.0,2025-10-23
50423,C0064,Laptop,Electronics,5,65000,0.1,2025-01-19
50424,C0008,Desk,Furniture,7,15000,0.1,2025-02-16
50425,C0214,Pen,Stationery,1,30,0.0,2025-03-06
50426,C0025,Notebook,Stationery,4,120,0.05,2025-05-26
50427,C0450,Notebook,Stationery,6,120,0.2,2025-10-13
50428,C0256,Keyboard,Electronics,4,1500,0.2,2025-03-07
50429,C0243,Chair,Furniture,5,7000,0.2,2025-01-05
50430,C0457,Desk,Furniture,7,15000,0.15,2025-04-03
50431,C0457,Pen,Stationery,5,30,0.05,2025-12-19
50432,C0461,Notebook,Stationery,4,120,0.1,2025-04-04
50433,C0198,Mouse,Electronics,7,800,0.05,2025-04-16
50434,C0094,Bookshelf,Furniture,6,9000,0.1,2025-05-13
50435,C0207,Desk,Furniture,1,15000,0.05,2025-12-07
50436,C0435,Monitor,Electronics,7,12000,0.1,2025-11-10
50437,C0437,Mouse,Electronics,3,800,0.1,2025-03-20
50438,C0015,Bookshelf,Furniture,7,9000,0.0,2025-07-31
50439,C0178,Headphones,Electronics,5,2500,0.15,2025-01-08
50440,C0455,Chair,Furniture,5,7000,0.0,2025-06-08
50441,C0378,Desk,Furniture,5,15000,0.05,2025-09-25
50442,C0075,Pen,Stationery,6,30,0.0,2025-05-29
50443,C0104,Laptop,Electronics,7,65000,0.05,2025-12-16
50444,C0294,Bookshelf,Furniture,7,9000,0.0,2025-04-01
50445,C0168,Monitor,Electronics,2,12000,0.2,2025-08-24
50446,C0450,Notebook,Stationery,6,120,0.05,2025-10-16
50447,C0115,Laptop,Electronics,1,65000,0.1,2025-12-22
50448,C0496,Mouse,Electronics,1,800,0.05,2025-06-17
50449,C0039,Chair,Furniture,1,7000,0.1,2025-07-12
50450,C0458,Pen,Stationery,1,30,0.15,2025-07-06
50451,C0364,Laptop,Electronics,1,65000,0.1,2025-09-28
50452,C0273,Monitor,Electronics,4,12000,0.1,2025-04-24
50453,C0135,Bookshelf,Furniture,5,9000,0.2,2025-01-11
50454,C0374,Pen,Stationery,6,30,0.15,2025-02-24
50455,C0232,Headphones,Electronics,4,2500,0.1,2025-09-15
50456,C0039,Notebook,Stationery,6,120,0.0,2025-03-06
50457,C0452,Chair,Furniture,2,7000,0.1,2025-06-21
50458,C0291,Laptop,Electronics,7,65000,0.1,2025-09-29
50459,C0307,Chair,Furniture,3,7000,0.1,2025-05-30
50460,C0047,Chair,Furniture,5,7000,0.15,2025-12-28
50461,C0036,Chair,Furniture,2,7000,0.1,2025-05-26
50462,C0320,Bookshelf,Furniture,4,9000,0.15,2025-07-28
50463,C0095,Chair,Furniture,3,7000,0.0,2025-10-13
50464,C0473,Headphones,Electronics,7,2500,0.0,2025-01-10
50465,C0361,Mouse,Electronics,2,800,0.05,2025-08-15
50466,C0013,Monitor,Electronics,7,12000,0.2,2025-07-05
50467,C0146,Pen,Stationery,7,30,0.15,2025-03-03
50468,C0405,Headphones,Electronics,6,2500,0.1,2025-03-26
50469,C0368,Pen,Stationery,3,30,0.1,2025-05-14
50470,C0065,Monitor,Electronics,6,12000,0.1,2025-11-19
50471,C0228,Mouse,Electronics,7,800,0.2,2025-10-24
50472,C0242,Desk,Furniture,2,15000,0.15,2025-06-20
50473,C0008,Pen,Stationery,7,30,0.1,2025-08-01
50474,C0500,Pen,Stationery,4,30,0.1,2025-01-18
50475,C0304,Mouse,Electronics,7,800,0.0,2025-11-10
50476,C0341,Laptop,Electronics,6,65000,0.1,2025-03-01
50477,C0043,Headphones,Electronics,3,2500,0.05,2025-03-29
50478,C0244,Laptop,Electronics,2,65000,0.0,2025-01-27
50479,C0181,Laptop,Electronics,6,65000,0.15,2025-03-09
50480,C0085,Laptop,Electronics,7,65000,0.1,2025-10-05
50481,C0155,Chair,Furniture,4,7000,0.2,2025-02-09
50482,C0275,Notebook,Stationery,5,120,0.05,2025-04-19
50483,C0023,Pen,Stationery,4,30,0.1,2025-03-15
50484,C0115,Laptop,Electronics,7,65000,0.05,2025-03-07
50485,C0306,Headphones,Electronics,4,2500,0.0,2025-06-17
50486,C0435,Notebook,Stationery,5,120,0.05,2025-09-19
50487,C0299,Notebook,Stationery,4,120,0.05,2025-10-01
50488,C0099,Laptop,Electronics,5,65000,0.0,2025-12-03
50489,C0104,Bookshelf,Furniture,7,9000,0.05,2025-12-24
50490,C0372,Laptop,Electronics,5,65000,0.0,2025-08-25
50491,C0051,Bookshelf,Furniture,6,9000,0.1,2025-08-03
50492,C0362,Laptop,Electronics,6,65000,0.0,2025-10-13
50493,C0112,Headphones,Electronics,5,2500,0.1,2025-05-29
50494,C0453,Bookshelf,Furniture,2,9000,0.15,2025-11-14
50495,C0244,Chair,Furniture,3,7000,0.1,2025-04-17
50496,C0169,Notebook,Stationery,2,120,0.2,2025-05-21
50497,C0072,Laptop,Electronics,5,65000,0.1,2025-03-17
50498,C0139,Notebook,Stationery,3,120,0.1,2025-01-09
50499,C0336,Laptop,Electronics,6,65000,0.0,2025-07-15
50500,C0231,Pen,Stationery,3,30,0.15,2025-10-22
50501,C0239,Pen,Stationery,5,30,0.15,2025-10-07
50502,C0472,Keyboard,Electronics,6,1500,0.05,2025-04-28
50503,C0253,Laptop,Electronics,3,65000,0.0,2025-10-17
50504,C0469,Keyboard,Electronics,3,1500,0.05,2025-03-02
50505,C0436,Mouse,Electronics,2,800,0.1,2025-12-01
50506,C0407,Mouse,Electronics,3,800,0.05,2025-11-02
50507,C0049,Notebook,Stationery,7,120,0.1,2025-02-20
50508,,Bookshelf,Furniture,5,9000,0.0,2025-02-21
50509,C0303,Laptop,Electronics,1,65000,0.15,2025-05-02
50510,C0072,Monitor,Electronics,1,12000,0.05,2025-06-16
50511,C0263,Laptop,Electronics,1,65000,0.0,2025-01-08
50512,C0322,Laptop,Electronics,5,65000,0.1,2025-02-14
50513,C0222,Monitor,Electronics,1,12000,0.0,2025-12-10
50514,C0077,Mouse,Electronics,2,800,0.0,2025-09-02
50515,C0062,Keyboard,Electronics,5,1500,0.05,2025-10-11
50516,C0471,Notebook,Stationery,7,120,0.1,2025-04-17
50517,C0157,Mouse,Electronics,6,800,0.2,2025-01-27
50518,C0294,Monitor,Electronics,7,12000,0.15,2025-07-12
50519,C0125,Laptop,Electronics,5,65000,0.1,2025-12-03
50520,C0229,Mouse,Electronics,5,800,0.0,2025-12-23
50521,C0340,Headphones,Electronics,3,2500,0.1,2025-03-03
50522,C0161,Pen,Stationery,3,30,0.1,2025-03-03
50523,C0029,Laptop,Electronics,3,65000,0.05,2025-10-09
50524,C0114,Desk,Furniture,4,15000,0.0,2025-05-01
50525,C0079,Monitor,Electronics,2,12000,0.05,2025-10-07
50526,C0023,Chair,Furniture,5,7000,0.15,2025-02-08
50527,C0106,Bookshelf,Furniture,7,9000,0.05,2025-10-04
50528,C0131,Chair,Furniture,5,7000,0.15,2025-04-04
50529,C0357,Mouse,Electronics,3,800,0.05,2025-04-25
50530,C0477,Laptop,Electronics,5,65000,0.0,2025-06-25
50531,C0173,Bookshelf,Furniture,6,9000,0.05,2025-05-01
50532,C0264,Bookshelf,Furniture,5,9000,0.1,2025-01-13
50533,C0342,Notebook,Stationery,7,120,0.0,2025-06-12
50534,C0373,Chair,Furniture,1,7000,0.0,2025-10-02
50535,C0285,Laptop,Electronics,6,65000,0.0,2025-06-25
50536,C0002,Notebook,Stationery,6,120,0.0,2025-12-03
50537,C0233,Keyboard,Electronics,5,1500,0.05,2025-11-20
50538,C0369,Chair,Furniture,4,7000,0.2,2025-06-22
50539,C0251,Pen,Stationery,3,30,0.1,2025-10-02
50540,C0434,Pen,Stationery,2,30,0.1,2025-03-05
50541,C0493,Notebook,Stationery,2,120,0.05,2025-04-11
50542,C0321,Keyboard,Electronics,1,1500,0.05,2025-11-18
50543,C0108,Headphones,Electronics,2,2500,0.0,2025-03-07
50544,C0276,Headphones,Electronics,2,2500,0.1,2025-11-27
50545,C0180,Pen,Stationery,3,30,0.1,2025-02-14
50546,C0213,Desk,Furniture,3,15000,0.0,2025-03-28
50547,C0293,Monitor,Electronics,4,12000,0.15,2025-03-08
50548,C0072,Monitor,Electronics,7,12000,0.1,2025-09-16
50549,C0283,Desk,Furniture,1,15000,0.05,2025-07-24
50550,C0175,Notebook,Stationery,2,120,0.0,2025-06-27
50551,C0123,Monitor,Electronics,4,12000,0.1,2025-10-07
50552,C0227,Monitor,Electronics,1,12000,0.15,2025-12-10
50553,C0390,Chair,Furniture,6,7000,0.05,2025-01-17
50554,C0444,Chair,Furniture,2,7000,0.0,2025-10-23
50555,C0301,Desk,Furniture,2,15000,0.1,2025-07-21
50556,C0428,Laptop,Electronics,3,65000,0.0,2025-06-21
50557,C0083,Keyboard,Electronics,5,1500,0.1,2025-09-19
50558,C0253,Notebook,Stationery,1,120,0.1,2025-07-13
50559,C0146,Chair,Furniture,2,7000,0.0,2025-05-29
50560,C0120,Chair,Furniture,1,7000,0.0,2025-02-04
50561,C0065,Headphones,Electronics,7,2500,0.1,2025-01-29
50562,C0281,Keyboard,Electronics,4,1500,0.05,2025-09-20
50563,C0283,Headphones,Electronics,4,2500,0.0,2025-08-09
50564,C0391,Laptop,Electronics,5,65000,0.15,2025-02-22
50565,C0428,Keyboard,Electronics,2,1500,0.05,2025-10-06
50566,C0106,Monitor,Electronics,7,12000,0.1,2025-12-19
50567,C0413,Headphones,Electronics,3,2500,0.0,2025-03-17
50568,C0479,Pen,Stationery,2,30,0.1,2025-06-25
50569,C0300,Notebook,Stationery,1,120,0.05,2025-01-10
50570,C0107,Monitor,Electronics,6,12000,0.2,2025-04-27
50571,C0036,Keyboard,Electronics,4,1500,0.1,2025-10-07
50572,C0147,Pen,Stationery,1,30,0.0,2025-08-06
50573,C0262,Laptop,Electronics,5,65000,0.05,2025-06-24
50574,C0409,Pen,Stationery,4,30,0.05,2025-08-22
50575,C0159,Chair,Furniture,3,7000,0.1,2025-09-09
50576,C0265,Desk,Furniture,4,15000,0.15,2025-10-22
50577,C0468,Pen,Stationery,6,30,0.1,2025-11-18
50578,C0202,Bookshelf,Furniture,7,9000,0.0,2025-01-06
50579,C0421,Laptop,Electronics,2,65000,0.1,2025-01-21
50580,C0155,Monitor,Electronics,6,12000,0.0,2025-03-14
50581,C0013,Headphones,Electronics,7,2500,0.15,2025-11-26
50582,C0297,Mouse,Electronics,6,800,0.1,2025-02-05
50583,C0384,Laptop,Electronics,2,65000,0.05,2025-08-21
50584,C0322,Bookshelf,Furniture,4,9000,0.05,2025-08-04
50585,C0498,Chair,Furniture,5,7000,0.15,2025-07-25
50586,C0085,Headphones,Electronics,2,2500,0.15,2025-02-13
50587,C0481,Notebook,Stationery,2,120,0.05,2025-04-01
50588,C0280,Mouse,Electronics,7,800,0.05,2025-11-12
50589,C0245,Pen,Stationery,3,30,0.1,2025-04-03
50590,C0300,Bookshelf,Furniture,4,9000,0.0,2025-12-05
50591,C0362,Pen,Stationery,2,30,0.0,2025-03-24
50592,C0354,Notebook,Stationery,5,120,0.0,2025-11-29
50593,C0316,Laptop,Electronics,1,65000,0.0,2025-10-09
50594,C0009,Desk,Furniture,4,15000,0.1,2025-01-21
50595,C0386,Bookshelf,Furniture,3,9000,0.2,2025-08-16
50596,C0247,Keyboard,Electronics,6,1500,0.1,2025-05-10
50597,C0312,Monitor,Electronics,2,12000,0.0,2025-06-24
50598,C0414,Keyboard,Electronics,5,1500,0.1,2025-04-18
50599,C0278,Desk,Furniture,4,15000,0.1,2025-10-10
50600,C0238,Notebook,Stationery,5,120,0.0,2025-03-12
50601,C0203,Keyboard,Electronics,5,1500,0.2,2025-02-19
50602,C0247,Chair,Furniture,7,7000,0.05,2025-04-05
50603,C0235,Bookshelf,Furniture,6,9000,0.2,2025-10-06
50604,C0081,Chair,Furniture,3,7000,0.05,2025-12-03
50605,C0356,Mouse,Electronics,4,800,0.1,2025-05-12
50606,C0013,Desk,Furniture,2,15000,0.0,2025-10-03
50607,C0327,Mouse,Electronics,3,800,0.1,2025-01-13
50608,C0016,Mouse,Electronics,2,800,0.0,2025-01-03
50609,C0481,Mouse,Electronics,1,800,0.15,2025-08-12
50610,C0045,Laptop,Electronics,5,65000,0.15,2025-06-24
50611,C0321,Laptop,Electronics,1,65000,0.15,2025-03-31
50612,C0139,Desk,Furniture,7,15000,0.1,2025-08-29
50613,C0326,Headphones,Electronics,5,2500,0.15,2025-02-04
50614,C0148,Keyboard,Electronics,6,1500,0.0,2025-01-14
50615,C0355,Laptop,Electronics,3,65000,0.1,2025-07-14
50616,C0236,Pen,Stationery,2,30,0.1,2025-11-02
50617,C0191,Chair,Furniture,7,7000,0.1,2025-11-30
50618,C0101,Laptop,Electronics,6,65000,0.1,2025-08-01
50619,C0105,Notebook,Stationery,2,120,0.0,2025-01-03
50620,C0474,Mouse,Electronics,3,800,0.0,2025-06-28
50621,C0250,Laptop,Electronics,4,65000,0.2,2025-02-09
50622,C0396,Desk,Furniture,7,15000,0.1,2025-06-13
50623,C0446,Chair,Furniture,1,7000,0.0,2025-11-03
50624,C0094,Chair,Furniture,1,7000,0.15,2025-08-23
50625,C0220,Headphones,Electronics,2,2500,0.2,2025-09-14
50626,C0475,Monitor,Electronics,2,12000,0.0,2025-12-26
50627,C0298,Monitor,Electronics,2,12000,0.15,2025-04-26
50628,C0339,Keyboard,Electronics,7,1500,0.2,2025-02-21
50629,C0453,Pen,Stationery,3,30,0.2,2025-05-22
50630,C0442,Bookshelf,Furniture,4,9000,0.2,2025-03-27
50631,C0133,Desk,Furniture,1,15000,0.1,2025-02-15
50632,C0361,Notebook,Stationery,6,120,0.05,2025-11-28
50633,C0155,Laptop,Electronics,5,65000,0.0,2025-08-26
50634,C0028,Desk,Furniture,7,15000,0.0,2025-01-10
50635,C0282,Pen,Stationery,7,30,0.05,2025-06-01
50636,C0475,Monitor,Electronics,3,12000,0.05,2025-03-02
50637,C0116,Desk,Furniture,1,15000,0.0,2025-01-18
50638,C0305,Laptop,Electronics,4,65000,0.05,2025-03-27
50639,C0234,Headphones,Electronics,3,2500,0.0,2025-05-17
50640,C0405,Keyboard,Electronics,6,1500,0.15,2025-08-18
50641,C0001,Headphones,Electronics,1,2500,0.05,2025-05-08
50642,C0348,Monitor,Electronics,3,12000,0.1,2025-04-14
50643,C0240,Mouse,Electronics,1,800,0.1,2025-07-05
50644,C0058,Monitor,Electronics,1,12000,0.0,2025-06-27
50645,C0335,Keyboard,Electronics,7,1500,0.2,2025-12-23
50646,C0183,Laptop,Electronics,4,65000,0.1,2025-01-06
50647,C0337,Pen,Stationery,7,30,0.05,2025-12-07
50648,C0026,Bookshelf,Furniture,5,9000,0.0,2025-11-03
50649,C0468,Headphones,Electronics,4,2500,0.05,2025-02-05
50650,C0409,Monitor,Electronics,1,12000,0.0,2025-11-23
50651,C0077,Pen,Stationery,3,30,0.05,2025-12-22
50652,C0417,Headphones,Electronics,6,2500,0.1,2025-10-08
50653,C0217,Monitor,Electronics,4,12000,0.15,2025-10-27
50654,C0328,Keyboard,Electronics,5,1500,0.1,2025-01-14
50655,C0325,Headphones,Electronics,1,2500,0.0,2025-08-25
50656,C0262,Monitor,Electronics,6,12000,0.0,2025-10-12
50657,C0023,Laptop,Electronics,4,65000,0.05,2025-11-26
50658,C0244,Keyboard,Electronics,7,1500,0.0,2025-02-19
50659,C0158,Pen,Stationery,7,30,0.0,2025-09-18
50660,C0206,Pen,Stationery,4,30,0.15,2025-04-20
50661,C0310,Bookshelf,Furniture,4,9000,0.0,2025-07-16
50662,C0087,Desk,Furniture,4,15000,0.15,2025-09-09
50663,C0267,Mouse,Electronics,6,800,0.0,2025-03-29
50664,C0415,Laptop,Electronics,7,65000,0.2,2025-11-09
50665,C0134,Keyboard,Electronics,3,1500,0.1,2025-01-26
50666,C0267,Headphones,Electronics,5,2500,0.1,2025-09-19
50667,C0333,Pen,Stationery,5,30,0.0,2025-05-24
50668,C0268,Laptop,Electronics,1,65000,0.15,2025-03-01
50669,C0450,Keyboard,Electronics,2,1500,0.15,2025-12-22
50670,C0053,Keyboard,Electronics,3,1500,0.1,2025-09-25
50671,C0099,Headphones,Electronics,7,2500,0.1,2025-03-16
50672,C0247,Keyboard,Electronics,1,1500,0.1,2025-01-03
50673,C0036,Notebook,Stationery,1,120,0.0,2025-03-04
50674,C0401,Laptop,Electronics,4,65000,0.1,2025-08-24
50675,C0028,Monitor,Electronics,2,12000,0.15,2025-08-17
50676,C0220,Pen,Stationery,7,30,0.05,2025-10-02
50677,C0406,Pen,Stationery,2,30,0.0,2025-01-18
50678,C0102,Monitor,Electronics,3,12000,0.05,2025-03-21
50679,C0263,Laptop,Electronics,2,65000,0.1,2025-08-03
50680,C0271,Mouse,Electronics,1,800,0.0,2025-06-20
50681,C0224,Laptop,Electronics,2,65000,0.0,2025-11-25
50682,C0139,Chair,Furniture,2,7000,0.0,2025-09-12
50683,C0280,Keyboard,Electronics,5,1500,0.15,2025-05-06
50684,C0451,Desk,Furniture,7,15000,0.0,2025-09-12
50685,C0286,Headphones,Electronics,7,2500,0.1,2025-03-13
50686,C0454,Notebook,Stationery,1,120,0.05,2025-02-07
50687,C0250,Desk,Furniture,6,15000,0.15,2025-11-20
50688,C0322,Monitor,Electronics,2,12000,0.2,2025-07-23
50689,C0317,,Electronics,2,2500,0.0,2025-06-21
50690,C0078,Headphones,Electronics,4,2500,,2025-08-11
50691,C0297,Headphones,Electronics,7,2500,0.15,2025-08-05
50692,C0338,Pen,Stationery,2,30,0.05,2025-09-02
50693,C0307,Notebook,Stationery,7,120,0.0,2025-12-02
50694,C0428,Pen,Stationery,2,30,0.15,2025-07-10
50695,C0351,Keyboard,Electronics,5,1500,0.2,2025-10-25
50696,C0013,Chair,Furniture,1,7000,0.1,2025-11-16
50697,C0346,Bookshelf,Furniture,7,9000,0.05,2025-07-01
50698,C0492,Notebook,Stationery,3,120,0.05,2025-11-30
50699,C0396,Desk,Furniture,1,15000,0.0,2025-07-24
50700,C0082,Keyboard,Electronics,4,1500,0.15,2025-12-27
50701,C0009,Laptop,Electronics,1,65000,0.15,2025-07-18
50702,C0497,Monitor,Electronics,2,12000,0.15,2025-11-28
50703,C0213,Chair,Furniture,4,7000,0.0,2025-06-14
50704,C0048,Keyboard,Electronics,1,1500,0.1,2025-08-30
50705,C0049,Laptop,Electronics,4,65000,0.0,2025-05-10
50706,C0309,Chair,Furniture,3,7000,0.05,2025-08-15
50707,C0440,Laptop,Electronics,1,65000,0.15,2025-05-02
50708,C0040,Notebook,Stationery,7,120,0.0,2025-02-13
50709,C0363,Laptop,Electronics,7,65000,0.1,2025-07-15
50710,C0280,Chair,Furniture,6,7000,0.1,2025-12-24
50711,C0226,Laptop,Electronics,2,65000,0.2,2025-07-23
50712,C0456,Desk,Furniture,4,15000,0.15,2025-11-14
50713,C0108,Keyboard,Electronics,6,1500,0.15,2025-09-14
50714,C0245,Chair,Furniture,6,7000,0.1,2025-01-17
50715,C0255,Desk,Furniture,5,15000,0.0,2025-09-29
50716,C0033,Laptop,Electronics,4,65000,0.05,2025-01-09
50717,C0023,Laptop,Electronics,6,65000,0.1,2025-09-06
50718,C0333,Headphones,Electronics,5,2500,0.1,2025-07-20
50719,C0054,Chair,Furniture,6,7000,0.1,2025-02-28
50720,C0309,Notebook,Stationery,2,120,0.05,2025-05-20
50721,C0049,Laptop,Electronics,3,65000,0.05,2025-04-29
50722,C0462,Monitor,Electronics,5,12000,0.0,2025-02-10
50723,C0078,Pen,Stationery,3,30,0.1,2025-11-18
50724,C0336,Bookshelf,Furniture,4,9000,0.1,2025-11-27
50725,C0433,Pen,Stationery,2,30,0.1,2025-09-24
50726,C0358,Notebook,Stationery,5,120,0.05,2025-01-08
50727,C0122,Keyboard,Electronics,4,1500,0.05,2025-07-02
50728,C0444,Mouse,Electronics,6,800,0.15,2025-05-14
50729,C0359,Monitor,Electronics,7,12000,0.15,2025-06-30
50730,C0090,Mouse,Electronics,1,800,0.1,2025-12-21
50731,C0346,Laptop,Electronics,4,65000,0.1,2025-03-13
50732,C0193,Keyboard,Electronics,3,1500,0.05,2025-04-23
50733,C0416,Desk,Furniture,2,15000,0.1,2025-04-17
50734,C0377,Laptop,Electronics,2,65000,0.15,2025-10-17
50735,C0463,Mouse,Electronics,4,800,0.1,2025-11-09
50736,C0244,Laptop,Electronics,6,65000,0.1,2025-04-27
50737,C0149,Bookshelf,Furniture,1,9000,0.1,2025-04-30
50738,C0146,Headphones,Electronics,3,2500,0.1,2025-05-27
50739,C0478,Bookshelf,Furniture,4,9000,0.1,2025-11-23
50740,C0316,Keyboard,Electronics,4,1500,0.1,2025-07-29
50741,C0378,Desk,Furniture,7,15000,0.1,2025-10-23
50742,C0141,Bookshelf,Furniture,2,9000,0.0,2025-04-13
50743,C0408,Chair,Furniture,3,7000,0.2,2025-05-04
50744,C0286,Desk,Furniture,1,15000,0.15,2025-09-02
50745,C0386,Mouse,Electronics,2,800,0.05,2025-12-22
50746,C0339,Bookshelf,Furniture,4,9000,0.1,2025-07-28
50747,C0111,Headphones,Electronics,2,2500,0.0,2025-11-10
50748,C0108,Desk,Furniture,2,15000,0.0,2025-04-19
50749,C0367,Laptop,Electronics,5,65000,0.05,2025-12-14
50750,C0281,Headphones,Electronics,2,2500,0.1,2025-02-19
50751,C0050,Laptop,Electronics,6,65000,0.15,2025-04-15
50752,C0014,Bookshelf,Furniture,2,9000,0.1,2025-01-27
50753,C0134,Monitor,Electronics,6,12000,0.1,2025-10-15
50754,C0076,Monitor,Electronics,3,12000,0.05,2025-09-14
50755,C0084,Mouse,Electronics,2,800,0.0,2025-09-30
50756,C0343,Headphones,Electronics,1,2500,0.0,2025-05-17
50757,C0158,Laptop,Electronics,6,65000,0.15,2025-12-06
50758,C0286,Notebook,Stationery,6,120,0.2,2025-10-28
50759,C0422,Headphones,Electronics,4,2500,0.1,2025-11-18
50760,C0314,Chair,Furniture,3,7000,0.1,2025-02-01
50761,C0094,Mouse,Electronics,2,800,0.2,2025-02-14
50762,C0297,Pen,Stationery,7,30,0.0,2025-09-22
50763,C0094,Pen,Stationery,1,30,0.15,2025-01-30
50764,C0057,Laptop,Electronics,4,65000,0.1,2025-03-25
50765,C0164,Monitor,Electronics,3,12000,0.1,2025-06-15
50766,C0320,Desk,Furniture,6,15000,0.05,2025-11-12
50767,C0497,Chair,Furniture,1,7000,0.1,2025-01-01
50768,C0098,Pen,Stationery,2,30,0.15,2025-09-06
50769,C0016,Laptop,Electronics,7,65000,0.0,2025-09-18
50770,C0344,Laptop,Electronics,5,65000,0.1,2025-03-04
50771,C0078,Bookshelf,Furniture,5,9000,0.0,2025-06-13
50772,C0346,Monitor,Electronics,3,12000,0.15,2025-11-17
50773,C0072,Headphones,Electronics,7,2500,0.1,2025-11-30
50774,C0270,Desk,Furniture,1,15000,0.15,2025-07-20
50775,C0287,Bookshelf,Furniture,4,9000,0.05,2025-08-10
50776,C0066,Pen,Stationery,1,30,0.0,2025-06-01
50777,C0368,Desk,Furniture,7,15000,0.0,2025-05-12
50778,C0068,Mouse,Electronics,6,800,0.05,2025-04-24
50779,C0193,Monitor,Electronics,5,12000,0.0,2025-08-05
50780,C0055,Pen,Stationery,3,30,0.1,2025-07-15
50781,C0468,Laptop,Electronics,2,65000,0.0,2025-10-08
50782,C0379,Pen,Stationery,1,30,0.1,2025-07-21
50783,C0462,Notebook,Stationery,5,120,0.05,2025-05-15
50784,C0168,Keyboard,Electronics,4,1500,0.1,2025-08-22
50785,C0409,Keyboard,Electronics,3,1500,0.1,2025-05-21
50786,C0025,Pen,Stationery,2,30,0.1,2025-07-15
50787,C0131,Notebook,Stationery,1,120,0.2,2025-02-12
50788,C0325,Pen,Stationery,4,30,0.0,2025-02-26
50789,C0102,Keyboard,Electronics,2,1500,0.05,2025-05-22
50790,C0374,Bookshelf,Furniture,6,9000,0.05,2025-07-29
50791,C0282,Mouse,Electronics,5,800,0.05,2025-03-13
50792,C0296,Keyboard,Electronics,6,1500,0.1,2025-08-12
50793,C0294,Mouse,Electronics,5,800,0.1,2025-01-27
50794,C0422,Laptop,Electronics,4,65000,0.1,2025-05-08
50795,C0452,Mouse,Electronics,6,800,0.05,2025-04-16
50796,C0263,Bookshelf,Furniture,5,9000,0.2,2025-06-14
50797,C0478,Notebook,Stationery,3,120,0.2,2025-08-03
50798,C0414,Mouse,Electronics,4,800,0.05,2025-03-12
50799,C0120,Desk,Furniture,5,15000,0.0,2025-07-23
50800,C0403,Headphones,Electronics,1,2500,0.15,2025-06-02
50801,C0231,Keyboard,Electronics,5,1500,0.2,2025-03-08
50802,C0291,Notebook,Stationery,6,120,0.05,2025-03-31
50803,C0488,Chair,Furniture,3,7000,0.05,2025-09-17
50804,,Laptop,Electronics,2,65000,0.2,2025-12-28
50805,,Headphones,Electronics,2,2500,0.1,2025-08-16
50806,C0078,Desk,Furniture,5,15000,0.05,2025-03-20
50807,C0038,Monitor,Electronics,2,12000,0.1,2025-04-06
50808,C0394,Bookshelf,Furniture,5,9000,0.2,2025-12-15
50809,C0441,Pen,Stationery,3,30,0.15,2025-11-26
50810,C0028,Headphones,Electronics,2,2500,0.1,2025-09-03
50811,C0462,Notebook,Stationery,6,120,0.1,2025-09-29
50812,C0100,Notebook,Stationery,6,120,0.0,2025-06-06
50813,C0294,Notebook,Stationery,1,120,0.15,2025-04-26
50814,C0400,Laptop,Electronics,5,65000,0.05,2025-01-18
50815,C0124,Mouse,Electronics,2,800,0.2,2025-06-21
50816,C0405,Keyboard,Electronics,6,1500,0.05,2025-01-16
50817,C0092,Monitor,Electronics,7,12000,0.15,2025-08-28
50818,C0255,Pen,Stationery,3,30,0.05,2025-02-25
50819,C0097,Notebook,Stationery,3,120,0.1,2025-03-20
50820,C0006,Pen,Stationery,7,30,0.0,2025-04-13
50821,C0169,Chair,Furniture,7,7000,0.1,2025-10-11
50822,C0383,Laptop,Electronics,1,65000,0.15,2025-07-12
50823,C0271,Notebook,Stationery,3,120,0.1,2025-01-05
50824,C0108,Chair,Furniture,3,7000,0.1,2025-04-16
50825,C0387,Monitor,Electronics,2,12000,0.0,2025-10-05
50826,C0299,Monitor,Electronics,5,12000,0.2,2025-04-10
50827,C0047,Keyboard,Electronics,4,1500,0.1,2025-08-26
50828,C0099,Desk,Furniture,3,15000,0.1,2025-09-26
50829,C0014,Keyboard,Electronics,3,1500,0.15,2025-11-17
50830,C0194,Mouse,Electronics,4,800,0.1,2025-03-27
50831,C0157,Pen,Stationery,3,30,0.05,2025-11-16
50832,C0388,Bookshelf,Furniture,2,9000,0.1,2025-02-01
50833,C0154,Monitor,Electronics,2,12000,0.1,2025-12-02
50834,C0115,Bookshelf,Furniture,4,9000,0.15,2025-02-20
50835,C0396,Laptop,Electronics,6,65000,0.15,2025-03-20
50836,C0258,Headphones,Electronics,3,2500,0.0,2025-07-05
50837,C0145,Notebook,Stationery,6,120,0.05,2025-06-23
50838,C0291,Laptop,Electronics,3,65000,0.0,2025-04-16
50839,C0010,Monitor,Electronics,5,12000,0.0,2025-03-04
50840,C0368,Chair,Furniture,3,7000,0.1,2025-03-17
50841,C0214,Pen,Stationery,2,30,0.15,2025-11-12
50842,C0233,Bookshelf,Furniture,1,9000,0.0,2025-11-17
50843,C0171,Keyboard,Electronics,7,1500,0.1,2025-03-22
50844,C0021,Headphones,Electronics,1,2500,0.2,2025-12-27
50845,C0015,Desk,Furniture,1,15000,0.15,2025-05-08
50846,C0419,Laptop,Electronics,1,65000,0.1,2025-07-02
50847,C0368,Desk,Furniture,7,15000,0.15,2025-08-31
50848,C0126,Bookshelf,Furniture,6,9000,0.1,2025-07-04
50849,C0341,Bookshelf,Furniture,7,9000,0.0,2025-08-08
50850,C0341,Notebook,Stationery,6,120,0.0,2025-03-12
50851,C0213,Chair,Furniture,7,7000,0.0,2025-12-08
50852,C0188,Chair,Furniture,7,7000,0.05,2025-06-03
50853,C0172,Mouse,Electronics,3,800,0.2,2025-09-02
50854,C0480,Keyboard,Electronics,6,1500,0.15,2025-05-20
50855,C0247,Monitor,Electronics,3,12000,0.05,2025-03-12
50856,C0005,,Electronics,5,12000,0.1,2025-02-15
50857,C0231,Bookshelf,Furniture,3,9000,0.05,2025-02-16
50858,C0201,Laptop,Electronics,1,65000,0.1,2025-03-20
50859,C0373,Pen,Stationery,4,30,0.15,2025-05-29
50860,C0402,Monitor,Electronics,4,12000,0.0,2025-05-10
50861,C0149,Monitor,Electronics,2,12000,0.0,2025-05-07
50862,C0072,Laptop,Electronics,2,65000,0.1,2025-12-31
50863,C0492,Keyboard,Electronics,3,1500,0.1,2025-04-29
50864,C0500,Headphones,Electronics,7,2500,0.05,2025-12-23
50865,C0226,Chair,Furniture,7,7000,0.1,2025-09-19
50866,C0074,Notebook,Stationery,4,120,0.1,2025-09-01
50867,C0307,Notebook,Stationery,1,120,0.05,2025-04-13
50868,C0169,Notebook,Stationery,6,120,0.05,2025-02-06
50869,C0249,Laptop,Electronics,1,65000,0.05,2025-05-22
50870,,Notebook,Stationery,1,120,0.15,2025-02-06
50871,C0488,Bookshelf,Furniture,3,9000,0.2,2025-01-08
50872,C0152,Mouse,Electronics,3,800,0.15,2025-08-19
50873,C0224,Laptop,Electronics,5,65000,0.1,2025-11-29
50874,C0225,Laptop,Electronics,1,65000,0.1,2025-10-23
50875,C0038,Chair,Furniture,7,7000,0.1,2025-04-17
50876,C0044,Notebook,Stationery,7,120,0.2,2025-12-14
50877,C0185,Desk,Furniture,1,15000,0.0,2025-01-18
50878,C0499,Headphones,Electronics,3,2500,0.1,2025-11-09
50879,C0443,Mouse,Electronics,3,800,0.1,2025-03-24
50880,C0241,Laptop,Electronics,5,65000,0.1,2025-10-15
50881,C0418,Mouse,Electronics,5,800,0.05,2025-07-13
50882,C0331,Laptop,Electronics,2,65000,0.1,2025-08-03
50883,C0351,Keyboard,Electronics,4,1500,0.15,2025-10-08
50884,C0210,Chair,Furniture,1,7000,0.1,2025-08-08
50885,C0023,Bookshelf,Furniture,7,9000,0.15,2025-10-16
50886,C0124,Keyboard,Electronics,1,1500,0.05,2025-12-10
50887,C0086,,Stationery,5,30,0.2,2025-07-13
50888,C0043,Notebook,Stationery,5,120,0.1,2025-06-07
50889,C0466,Pen,Stationery,2,30,0.1,2025-04-14
50890,C0040,Headphones,Electronics,4,2500,0.0,2025-02-03
50891,C0303,Desk,Furniture,2,15000,0.0,2025-04-12
50892,C0169,Bookshelf,Furniture,7,9000,0.1,2025-05-07
50893,C0175,Keyboard,Electronics,4,1500,0.05,2025-08-02
50894,C0487,Mouse,Electronics,6,800,0.1,2025-11-21
50895,C0020,Mouse,Electronics,1,800,0.0,2025-10-23
50896,C0461,Headphones,Electronics,2,2500,0.15,2025-06-28
50897,C0109,Laptop,Electronics,5,65000,0.15,2025-03-21
50898,C0193,Mouse,Electronics,2,800,0.0,2025-05-21
50899,C0244,Notebook,Stationery,6,120,0.1,2025-01-31
50900,C0324,Desk,Furniture,2,15000,0.15,2025-03-04
50901,C0280,Chair,Furniture,1,7000,0.1,2025-02-17
50902,C0228,Notebook,Stationery,6,120,0.05,2025-03-28
50903,C0036,Desk,Furniture,5,15000,0.1,2025-10-31
50904,C0045,Headphones,Electronics,5,2500,0.0,2025-03-02
50905,C0386,Notebook,Stationery,3,120,0.05,2025-11-30
50906,C0028,Chair,Furniture,6,7000,0.0,2025-10-01
50907,C0154,Chair,Furniture,3,7000,0.1,2025-10-11
50908,C0023,Monitor,Electronics,3,12000,0.0,2025-03-21
50909,C0207,Laptop,Electronics,1,65000,0.2,2025-06-29
50910,C0420,Headphones,Electronics,2,2500,0.05,2025-09-29
50911,C0091,Notebook,Stationery,5,120,0.0,2025-03-18
50912,,Bookshelf,Furniture,5,9000,0.1,2025-08-09
50913,C0419,Bookshelf,Furniture,2,9000,0.05,2025-10-09
50914,C0359,Headphones,Electronics,5,2500,0.1,2025-01-28
50915,C0038,Notebook,Stationery,2,120,0.05,2025-12-27
50916,C0419,Keyboard,Electronics,6,1500,0.0,2025-03-18
50917,C0228,Keyboard,Electronics,1,1500,0.05,2025-06-13
50918,C0202,Laptop,Electronics,1,65000,0.05,2025-01-09
50919,C0350,Notebook,Stationery,7,120,0.0,2025-06-24
50920,C0309,Chair,Furniture,1,7000,0.15,2025-11-03
50921,C0489,Mouse,Electronics,2,800,0.1,2025-03-17
50922,C0254,Bookshelf,Furniture,7,9000,0.1,2025-09-02
50923,C0038,Notebook,Stationery,2,120,0.1,2025-05-02
50924,C0221,Notebook,Stationery,4,120,0.1,2025-07-04
50925,C0500,Mouse,Electronics,7,800,0.2,2025-02-01
50926,C0187,Mouse,Electronics,5,800,0.0,2025-09-07
50927,C0043,Desk,Furniture,5,15000,0.0,2025-02-26
50928,C0359,Monitor,Electronics,4,12000,0.0,2025-11-06
50929,C0114,Laptop,Electronics,4,65000,0.0,2025-05-24
50930,C0260,Bookshelf,Furniture,1,9000,0.0,2025-11-14
50931,C0005,Mouse,Electronics,4,800,0.1,2025-03-25
50932,C0068,Keyboard,Electronics,2,1500,0.1,2025-02-25
50933,C0228,Headphones,Electronics,3,2500,0.2,2025-10-06
50934,C0123,Keyboard,Electronics,2,1500,0.0,2025-09-30
50935,C0173,Desk,Furniture,7,15000,0.05,2025-06-15
50936,C0336,Desk,Furniture,4,15000,0.2,2025-06-07
50937,C0153,Mouse,Electronics,5,800,0.15,2025-09-06
50938,C0462,Desk,Furniture,2,15000,0.1,2025-07-05
50939,C0267,Chair,Furniture,5,7000,0.1,2025-03-19
50940,C0157,Pen,Stationery,2,30,0.15,2025-01-22
50941,C0162,Notebook,Stationery,5,120,0.1,2025-04-18
50942,C0214,Notebook,Stationery,6,120,0.0,2025-09-30
50943,C0398,Mouse,Electronics,2,800,0.15,2025-09-09
50944,C0376,Desk,Furniture,7,15000,0.1,2025-01-15
50945,C0408,Headphones,Electronics,5,2500,0.0,2025-10-31
50946,C0443,Chair,Furniture,3,7000,0.1,2025-06-09
50947,C0423,Laptop,Electronics,7,65000,0.05,2025-07-24
50948,C0026,Desk,Furniture,1,15000,0.15,2025-04-23
50949,C0427,Chair,Furniture,2,7000,0.0,2025-06-17
50950,C0292,Monitor,Electronics,3,12000,0.15,2025-12-19
50951,C0423,Laptop,Electronics,1,65000,0.1,2025-09-10
50952,C0189,Notebook,Stationery,2,120,0.05,2025-07-05
50953,C0400,Monitor,Electronics,3,12000,0.0,2025-12-13
50954,C0122,Mouse,Electronics,3,800,0.1,2025-08-15
50955,C0230,Bookshelf,Furniture,7,9000,0.2,2025-01-16
50956,C0059,Mouse,Electronics,6,800,0.05,2025-06-05
50957,C0096,Headphones,Electronics,3,2500,0.0,2025-12-20
50958,C0262,Chair,Furniture,6,7000,0.1,2025-04-21
50959,C0354,Bookshelf,Furniture,4,9000,0.15,2025-01-01
50960,C0312,Laptop,Electronics,7,65000,0.0,2025-02-10
50961,C0136,Laptop,Electronics,5,65000,0.1,2025-02-17
50962,C0350,Monitor,Electronics,7,12000,0.1,2025-04-18
50963,C0283,Headphones,Electronics,1,2500,0.05,2025-06-10
50964,C0455,Notebook,Stationery,5,120,0.1,2025-06-10
50965,C0411,Desk,Furniture,5,15000,0.0,2025-12-25
50966,C0473,Desk,Furniture,6,15000,0.15,2025-05-08
50967,C0120,Bookshelf,Furniture,5,9000,0.1,2025-07-29
50968,C0430,Headphones,Electronics,3,2500,0.1,2025-05-31
50969,C0425,Headphones,Electronics,6,2500,0.05,2025-09-12
50970,C0463,Laptop,Electronics,5,65000,0.05,2025-08-06
50971,C0025,Notebook,Stationery,6,120,0.15,2025-01-30
50972,C0342,Chair,Furniture,4,7000,0.1,2025-02-14
50973,C0146,Notebook,Stationery,6,120,0.1,2025-03-21
50974,C0012,Keyboard,Electronics,2,1500,0.1,2025-02-08
50975,C0087,Headphones,Electronics,3,2500,0.05,2025-08-28
50976,C0435,Mouse,Electronics,1,800,0.05,2025-02-14
50977,C0109,Pen,Stationery,2,30,0.0,2025-03-19
50978,C0423,Headphones,Electronics,2,2500,0.0,2025-12-03
50979,C0345,Bookshelf,Furniture,2,9000,0.15,2025-12-15
50980,C0266,Mouse,Electronics,5,800,0.0,2025-10-15
50981,C0222,Bookshelf,Furniture,6,9000,0.0,2025-10-07
50982,C0074,Monitor,Electronics,6,12000,0.15,2025-04-26
50983,C0482,Pen,Stationery,7,30,0.0,2025-09-26
50984,C0494,Pen,Stationery,5,30,0.1,2025-12-01
50985,C0333,Laptop,Electronics,3,65000,0.05,2025-11-08
50986,C0310,Headphones,Electronics,5,2500,0.0,2025-02-22
50987,C0413,Laptop,Electronics,5,65000,0.05,2025-03-09
50988,C0102,Desk,Furniture,5,15000,0.0,2025-07-01
50989,C0425,Bookshelf,Furniture,3,9000,0.15,2025-02-03
50990,C0493,Keyboard,Electronics,7,1500,0.1,2025-10-11
50991,C0137,Keyboard,Electronics,3,1500,0.0,2025-11-02
50992,C0191,Desk,Furniture,4,15000,0.0,2025-09-06
50993,C0461,Monitor,Electronics,7,12000,0.05,2025-04-21
50994,C0421,Keyboard,Electronics,4,1500,0.0,2025-04-04
50995,C0142,Bookshelf,Furniture,4,9000,0.05,2025-06-28
50996,C0357,Keyboard,Electronics,4,1500,0.1,2025-02-16
50997,C0073,Desk,Furniture,6,15000,0.15,2025-10-09
50998,C0328,Mouse,Electronics,2,800,0.05,2025-12-06
50999,C0167,Laptop,Electronics,2,65000,0.1,2025-12-28
51000,C0168,Chair,Furniture,4,7000,0.15,2025-04-02
50026,C0487,Pen,Stationery,3,30,0.1,2025-03-10
50465,C0361,Mouse,Electronics,2,800,0.05,2025-08-15
50373,C0172,Desk,Furniture,3,15000,0.15,2025-07-28
50731,C0346,Laptop,Electronics,4,65000,0.1,2025-03-13
50758,C0286,Notebook,Stationery,6,120,0.2,2025-10-28
50358,C0441,Pen,Stationery,7,30,0.05,2025-07-28
50566,C0106,Monitor,Electronics,7,12000,0.1,2025-12-19
50768,C0098,Pen,Stationery,2,30,0.15,2025-09-06
50643,C0240,Mouse,Electronics,1,800,0.1,2025-07-05
50608,C0016,Mouse,Electronics,2,800,0.0,2025-01-03
50375,C0349,Desk,Furniture,1,15000,0.05,2025-03-25
50096,C0037,Desk,Furniture,1,15000,0.0,2025-05-26
50627,C0298,Monitor,Electronics,2,12000,0.15,2025-04-26
50401,C0400,Notebook,Stationery,5,120,0.0,2025-03-16
50618,C0101,Laptop,Electronics,6,65000,0.1,2025-08-01
